event_date,stock_code,corp_name,event_type,report_nm,prediction_direction,prediction_result,market_adjusted_result,market_group,market_source_type,market_proxy_name,next_close_return,market_next_close_return,market_adjusted_next_close_return,market_adjusted_score_adjustment,market_adjusted_adjustment_label,market_adjusted_adjustment_reason
1970-01-01,175250,아이큐어,major_shareholder_change,기타시장안내(최대주주의의무보유관련)              ,volatile,pending,pending,KOSDAQ,,,,,,0,neutral_adjustment,"Market-adjusted result is `pending`. Stock return was N/A, market return was N/A, and market-adjusted return was N/A. Score adjustment is 0. No score change is applied because stock return data is not available yet."
1970-01-01,175250,아이큐어,major_shareholder_change,기타시장안내(최대주주의의무보유관련)              ,volatile,pending,pending,KOSDAQ,,,,,,0,neutral_adjustment,"Market-adjusted result is `pending`. Stock return was N/A, market return was N/A, and market-adjusted return was N/A. Score adjustment is 0. No score change is applied because stock return data is not available yet."
1970-01-01,175250,아이큐어,major_shareholder_change,기타시장안내(최대주주의의무보유관련)              ,volatile,pending,pending,KOSDAQ,,,,,,0,neutral_adjustment,"Market-adjusted result is `pending`. Stock return was N/A, market return was N/A, and market-adjusted return was N/A. Score adjustment is 0. No score change is applied because stock return data is not available yet."
1970-01-01,175250,아이큐어,major_shareholder_change,기타시장안내(최대주주의의무보유관련)              ,volatile,pending,pending,KOSDAQ,,,,,,0,neutral_adjustment,"Market-adjusted result is `pending`. Stock return was N/A, market return was N/A, and market-adjusted return was N/A. Score adjustment is 0. No score change is applied because stock return data is not available yet."
1970-01-01,175250,아이큐어,major_shareholder_change,기타시장안내(최대주주의의무보유관련)              ,volatile,pending,pending,KOSDAQ,,,,,,0,neutral_adjustment,"Market-adjusted result is `pending`. Stock return was N/A, market return was N/A, and market-adjusted return was N/A. Score adjustment is 0. No score change is applied because stock return data is not available yet."
1970-01-01,175250,아이큐어,major_shareholder_change,기타시장안내(최대주주의의무보유관련)              ,volatile,pending,pending,KOSDAQ,,,,,,0,neutral_adjustment,"Market-adjusted result is `pending`. Stock return was N/A, market return was N/A, and market-adjusted return was N/A. Score adjustment is 0. No score change is applied because stock return data is not available yet."
1970-01-01,175250,아이큐어,major_shareholder_change,최대주주변경              ,volatile,pending,pending,KOSDAQ,,,,,,0,neutral_adjustment,"Market-adjusted result is `pending`. Stock return was N/A, market return was N/A, and market-adjusted return was N/A. Score adjustment is 0. No score change is applied because stock return data is not available yet."
1970-01-01,175250,아이큐어,major_shareholder_change,최대주주변경              ,volatile,pending,pending,KOSDAQ,,,,,,0,neutral_adjustment,"Market-adjusted result is `pending`. Stock return was N/A, market return was N/A, and market-adjusted return was N/A. Score adjustment is 0. No score change is applied because stock return data is not available yet."
1970-01-01,175250,아이큐어,major_shareholder_change,최대주주변경              ,volatile,pending,pending,KOSDAQ,,,,,,0,neutral_adjustment,"Market-adjusted result is `pending`. Stock return was N/A, market return was N/A, and market-adjusted return was N/A. Score adjustment is 0. No score change is applied because stock return data is not available yet."
1970-01-01,175250,아이큐어,major_shareholder_change,최대주주변경              ,volatile,pending,pending,KOSDAQ,,,,,,0,neutral_adjustment,"Market-adjusted result is `pending`. Stock return was N/A, market return was N/A, and market-adjusted return was N/A. Score adjustment is 0. No score change is applied because stock return data is not available yet."
1970-01-01,175250,아이큐어,major_shareholder_change,최대주주변경              ,volatile,pending,pending,KOSDAQ,,,,,,0,neutral_adjustment,"Market-adjusted result is `pending`. Stock return was N/A, market return was N/A, and market-adjusted return was N/A. Score adjustment is 0. No score change is applied because stock return data is not available yet."
1970-01-01,175250,아이큐어,major_shareholder_change,최대주주변경              ,volatile,pending,pending,KOSDAQ,,,,,,0,neutral_adjustment,"Market-adjusted result is `pending`. Stock return was N/A, market return was N/A, and market-adjusted return was N/A. Score adjustment is 0. No score change is applied because stock return data is not available yet."
1970-01-01,079950,인베니아,disclosure_violation,불성실공시법인지정              (공시불이행),negative,pending,pending,KOSPI,,,,,,0,neutral_adjustment,"Market-adjusted result is `pending`. Stock return was N/A, market return was N/A, and market-adjusted return was N/A. Score adjustment is 0. No score change is applied because stock return data is not available yet."
1970-01-01,065420,에스아이리소스,disclosure_violation,불성실공시법인지정              (공시불이행 5건),negative,pending,pending,KOSPI,,,,,,0,neutral_adjustment,"Market-adjusted result is `pending`. Stock return was N/A, market return was N/A, and market-adjusted return was N/A. Score adjustment is 0. No score change is applied because stock return data is not available yet."
1970-01-01,065420,에스아이리소스,disclosure_violation,불성실공시법인지정              (공시불이행 5건),negative,pending,pending,KOSPI,,,,,,0,neutral_adjustment,"Market-adjusted result is `pending`. Stock return was N/A, market return was N/A, and market-adjusted return was N/A. Score adjustment is 0. No score change is applied because stock return data is not available yet."
1970-01-01,065420,에스아이리소스,disclosure_violation,불성실공시법인지정              (공시불이행 5건),negative,pending,pending,KOSPI,,,,,,0,neutral_adjustment,"Market-adjusted result is `pending`. Stock return was N/A, market return was N/A, and market-adjusted return was N/A. Score adjustment is 0. No score change is applied because stock return data is not available yet."
1970-01-01,033790,피노,paid_in_capital_increase,주요사항보고서(유상증자결정),negative,pending,pending,KOSPI,,,,,,0,neutral_adjustment,"Market-adjusted result is `pending`. Stock return was N/A, market return was N/A, and market-adjusted return was N/A. Score adjustment is 0. No score change is applied because stock return data is not available yet."
1970-01-01,210980,SK디앤디,supply_contract,[기재정정]단일판매ㆍ공급계약체결              ,positive,pending,pending,KOSDAQ,,,,,,0,neutral_adjustment,"Market-adjusted result is `pending`. Stock return was N/A, market return was N/A, and market-adjusted return was N/A. Score adjustment is 0. No score change is applied because stock return data is not available yet."
1970-01-01,009410,태영건설,supply_contract,[기재정정]단일판매ㆍ공급계약체결              ,positive,pending,pending,KOSPI,,,,,,0,neutral_adjustment,"Market-adjusted result is `pending`. Stock return was N/A, market return was N/A, and market-adjusted return was N/A. Score adjustment is 0. No score change is applied because stock return data is not available yet."
1970-01-01,253590,네오셈,supply_contract,[기재정정]단일판매ㆍ공급계약체결(자율공시)              ,positive,pending,pending,KOSDAQ,,,,,,0,neutral_adjustment,"Market-adjusted result is `pending`. Stock return was N/A, market return was N/A, and market-adjusted return was N/A. Score adjustment is 0. No score change is applied because stock return data is not available yet."
1970-01-01,053060,세동,lawsuit,소송등의판결ㆍ결정              ,negative,pending,pending,KOSPI,,,,,,0,neutral_adjustment,"Market-adjusted result is `pending`. Stock return was N/A, market return was N/A, and market-adjusted return was N/A. Score adjustment is 0. No score change is applied because stock return data is not available yet."
1970-01-01,004440,삼일씨엔에스,supply_contract,[기재정정]단일판매ㆍ공급계약체결              ,positive,pending,pending,KOSPI,,,,,,0,neutral_adjustment,"Market-adjusted result is `pending`. Stock return was N/A, market return was N/A, and market-adjusted return was N/A. Score adjustment is 0. No score change is applied because stock return data is not available yet."
1970-01-01,004960,한신공영,supply_contract,[기재정정]단일판매ㆍ공급계약체결              ,positive,pending,pending,KOSPI,,,,,,0,neutral_adjustment,"Market-adjusted result is `pending`. Stock return was N/A, market return was N/A, and market-adjusted return was N/A. Score adjustment is 0. No score change is applied because stock return data is not available yet."
1970-01-01,004960,한신공영,supply_contract,[기재정정]단일판매ㆍ공급계약체결              ,positive,pending,pending,KOSPI,,,,,,0,neutral_adjustment,"Market-adjusted result is `pending`. Stock return was N/A, market return was N/A, and market-adjusted return was N/A. Score adjustment is 0. No score change is applied because stock return data is not available yet."
1970-01-01,105550,엣지파운드리,convertible_bond,[기재정정]주요사항보고서(전환사채권발행결정),negative,pending,pending,KOSDAQ,,,,,,0,neutral_adjustment,"Market-adjusted result is `pending`. Stock return was N/A, market return was N/A, and market-adjusted return was N/A. Score adjustment is 0. No score change is applied because stock return data is not available yet."
1970-01-01,227610,아우딘퓨쳐스,major_shareholder_change,[기재정정]최대주주변경을수반하는주식담보제공계약체결              ,volatile,pending,pending,KOSDAQ,,,,,,0,neutral_adjustment,"Market-adjusted result is `pending`. Stock return was N/A, market return was N/A, and market-adjusted return was N/A. Score adjustment is 0. No score change is applied because stock return data is not available yet."
1970-01-01,227610,아우딘퓨쳐스,major_shareholder_change,[기재정정]최대주주변경을수반하는주식담보제공계약체결              ,volatile,pending,pending,KOSDAQ,,,,,,0,neutral_adjustment,"Market-adjusted result is `pending`. Stock return was N/A, market return was N/A, and market-adjusted return was N/A. Score adjustment is 0. No score change is applied because stock return data is not available yet."
