source_provider,query,provider_mix,news_count,unique_source_count,positive_keyword_count,negative_keyword_count,risk_keyword_count,rumor_noise_keyword_count,attention_keyword_count,news_attention_score,rumor_noise_score,news_risk_score,top_titles
google_news_rss,004990,google_news_rss,5,1,5,2,2,0,0,10,0,6,"SK증권 ""롯데지주, 수익 개선·주주환원에 주가 상승 기대"" - 연합뉴스 | 장거리 경주 대비하는 롯데지주, 차입만기 늘린다 - KB Think | 롯데지주, '좀 더 많은 변화가 필요' 증권사 발표에 강세 - stock.mk.co.kr"
google_news_rss,005820,google_news_rss,3,1,1,2,2,0,0,4,0,6,"원림, 거제시 수해복구 위해 산업용 포장재 1만 장 지원 - dhns.co.kr | 소형주 이제시작! - 씽크풀 AI | 1Q 영업이익률 증가 1위 포장재주는 연우. 비결은? - 버핏연구소"
google_news_rss,006220,google_news_rss,5,1,1,3,2,1,1,8,2,7,"[생생한 주식쇼 생쇼] 제주은행 (006220) - 매일경제TV | 제주은행(006220) - 씽크풀 AI | 특징주, 제주은행-은행 테마 상승세에 1.48% ↑ - stock.mk.co.kr"
google_news_rss,010580,google_news_rss,5,1,2,2,2,1,1,9,2,6,"[MK 골든크로스 돌파종목 : 코아스템켐온(166480) & 에스엠벡셀(010580)] - stock.mk.co.kr | 차세대 전고체 배터리 핵심 기술 확보…에스엠벡셀 16%↑[특징주] - edaily.co.kr | SM벡셀 배터리사업부문, 임단협 6년 연속 무분규 타결 - sedaily.com"
google_news_rss,023760,google_news_rss,5,1,2,1,1,0,0,7,0,3,"한국캐피탈, 임시주총서 2대 1 주식 병합·정관 일부 변경 가결 - 디지털투데이 | 한국캐피탈(023760), 4분기 연속 성장 + 신용등급 상승으로 조달비용 절감! : 네이버 블로그 - Naver Blog | 한국캐피탈, 보통주 1주당 40원 결산 현금배당 결정 - 디지털투데이"
google_news_rss,030000,google_news_rss,5,1,1,1,1,0,0,6,0,3,"[잠정실적]제일기획, 올해 2Q 매출액 1조745억(-4.0%) 영업이익 927억(+0.6%) (연결) - 씽크풀 AI | [뉴스락 주식네비 12월 9일] 제일기획(030000), 오래 볼수록 이쁘다. 얘도 그렇다 - 뉴스락 | 메리츠증권 ""제일기획, 올해 실적 가이던스 하향 불가피"" - 연합뉴스"
google_news_rss,033270,google_news_rss,5,1,1,2,2,0,0,6,0,6,"[실적속보]유나이티드제약, 올해 1Q 매출액 738억(+3.5%) 영업이익 112억(-18%) (개별) - 씽크풀 AI | 한국유나이티드제약, 성평등가족부 선정 '가족친화기업' 재인증 - v.daum.net | 유나이티드제약, 기능성 소화불량증 치료제 유효성 입증 실패...“3상 시험계획 변경신청” - 팜이데일리"
google_news_rss,055550,google_news_rss,5,1,1,3,2,0,0,6,0,7,"[특징주] 금융주, 글로벌 금리 상승 영향에 장 초반 강보합 - 연합뉴스 | 신한지주(055550) - stock.mk.co.kr | 28일, 거래소 기관 순매수상위에 전기,전자 업종 7종목 - 씽크풀 AI"
google_news_rss,058730,google_news_rss,5,1,3,2,2,0,1,8,0,6,"다스코(058730) - 씽크풀 AI | 다스코, 필리핀 태양광 사업 본격 추진 '주목'…""스페이스X 상장 모멘텀까지 겹호재"" - 프라임경제 | '다스코' 5% 이상 상승, 기관 4일 연속 순매수(411주) - 씽크풀 AI"
google_news_rss,089860,google_news_rss,5,1,3,2,2,1,1,10,2,6,"대신증권 ""롯데렌탈, 점유율 확대·3분기 호실적 기대"" - 연합뉴스 | 하나證 ""TPG 롯데렌탈 인수로 배당 확대 기대감…목표가 29.5%↑"" - 뉴스1 | 공정위, 글로벌 사모펀드 TPG 롯데렌탈 인수 승인(종합) - KB Think"
google_news_rss,092790,google_news_rss,5,1,2,2,2,2,2,11,4,6,"넥스틸(092790)밀릴때마다 물량 모아둘 기회로 보이며 이후 전망 및 대응전략. - 씽크풀 AI | [N2 증시 풍향계] 광통신·재생에너지·스페이스X 테마 ‘불기둥’…넥스틸 10%대 강세 - 뉴스투데이 | 특징주, 넥스틸-철강_중소형 테마 상승세에 6.07% ↑ - stock.mk.co.kr"
google_news_rss,115530,google_news_rss,5,1,1,1,1,0,0,6,0,3,"영월·하남 청소년 46명, 자매도시 우정 쌓았다 - 시사줌뉴스 | 씨엔플러스, 주식 병합→주권매매거래 정지 예고 - 톱스타뉴스 | 씨엔플러스 (115530) - 씽크풀 AI"
google_news_rss,175250,google_news_rss,5,1,1,3,3,0,0,6,0,9,"아이큐어, 212억원 유상증자…솔루엠코스메틱에 제3자배정 - 연합뉴스 | 아이큐어, 소염진통제 '플렉센' UAE 품목허가 획득 - 팜이데일리 | 아이큐어, 1분기 매출 321억원…9년 만에 영업흑자 전환 - 팜이데일리"
google_news_rss,340360,google_news_rss,5,1,2,1,1,0,0,7,0,3,"다보링크 수주공시 - 버스공공와이파이 사업관련 AP발주건 70.2억원 (매출액대비 11.11 %) - 한국경제 | 다보링크, 70억 규모 버스 공공 와이파이 사업 수주 - edaily.co.kr | 다보링크, 9월 8일 임시주주총회 소집 결의…이사 선임 안건 상정 - 디지털투데이"
google_news_rss,340810,google_news_rss,5,1,0,2,2,1,1,7,2,6,"[코스피·코스닥 전 거래일(3일) 주요공시] - 연합뉴스 | 시선AI (340810) - 씽크풀 AI | 시선AI, 또다시 '영구 CB M&A'…무현금 확장 '무리수' 논란 - ibtomato.com"
google_news_rss,352700,google_news_rss,5,1,1,2,2,0,0,6,0,6,"[MK 골든크로스 돌파종목 : 씨앤투스(352700) & 린드먼아시아(277070)] - stock.mk.co.kr | [특징주] 씨앤투스성진(352700), 에어필터 매출액 큰 성장…낮은 per에 가격 매력 - 인천일보 | 씨앤투스 (352700) - 씽크풀 AI"
google_news_rss,368970,google_news_rss,5,1,0,2,2,0,0,5,0,6,"오에스피, 24억6천400만원 제3자배정 유상증자 - stock.mk.co.kr | 인디고, 고양이 간식 ‘펫 오리진 데일리스틱’ 2종 출시 - sedaily.com | [코스피·코스닥 전 거래일(4일) 주요공시] - stock.mk.co.kr"
google_news_rss,SNT에너지,google_news_rss,5,1,5,2,2,0,0,10,0,6,"SNT에너지, 1282억에 하동 LNG복합발전소 HRSG 공급계약 - 문화일보 | [특징주] SNT에너지, 트럼프 ‘한일 알래스카행’ 발언에 12%대 강세 - 이투데이 | SNT에너지, 하동 LNG복합발전소 핵심 설비 1282억원 수주 - 뉴스락"
google_news_rss,에스트래픽,google_news_rss,5,1,2,2,2,1,1,9,2,6,"에스트래픽, 30억원 규모 자사주 신탁계약 체결 - 뉴스핌 | 에스트래픽, 30억원 규모 자사주 신탁계약 체결 - v.daum.net | 에스트래픽, 265억 규모 경부고속선 전자연동장치 개량 사업 단독 수주 - 전기신문"
google_news_rss,지에프아이,google_news_rss,5,1,4,2,2,0,0,9,0,6,"지에프아이, 삼성SDI 북미 ESS 화재안전솔루션 159억원 수주 - 디일렉 | 지에프아이, 삼성SDI 북미 ESS에 159억 규모 화재 안전솔루션 공급 - 테크월드 | [특징주] 지에프아이 7.94%↑…삼성SDI 159억 ESS 계약 훈풍 - theconnectmoney.com"
