stock_code,candidate_date,candidate_pool_date,signal_date,prediction_date,candidate_action,prediction_direction,prediction_score,final_price_signal_score,price_candidate_score,price_signal_score_v1,price_score_base,supplementary_score,base_momentum_score,volume_confirmation_score,liquidity_score,volatility_penalty,overextension_penalty,reversal_risk_penalty,news_risk_penalty,attention_noise_penalty,market_regime_penalty,healthy_context_score,final_price_signal_score_v2,score_version,v3_momentum_quality_score,v3_volume_quality_score,v3_liquidity_quality_score,v3_stability_score,v3_overextension_penalty,v3_reversal_penalty,v3_noise_penalty,v3_final_score,final_price_signal_score_v3,experimental_score_version,signal_label,close,return_1d,return_5d,return_20d,ma5,ma20,volume_ratio_20d,volatility_20d,price_source,corp_name,stock_name,event_type,social_attention_label,social_risk_label,news_risk_score,news_negative_keyword_count,news_risk_keyword_count,source_file,candidate_rank,selected_pick,selection_reason,v3_rank,v3_selected_pick,v3_selection_reason
005710,2026-08-04,2026-08-04,2026-08-04,2026-08-04,BUY_CANDIDATE,positive,75.46,75.46,75.46,93.82,93.82,0,70.97,2.33,3,2.84,0.0,0.0,1.0,0.0,0,3,75.46,v2_conservative_ranker,57.0,8.0,6,13.45,0.0,0.0,1.6,82.84,82.84,v3_stability_ranker,strong_price_momentum,11540.0,0.0158,0.0665,0.0949,11108.0,10699.0,1.4661,0.0237,pykrx,,,,,,1,1,0,data/raw/price_005710_20260406_20260804.csv,1,True,Top 20 by conservative v2 price signal score,1,True,Experimental Top 20 by stability-first v3 score
340570,2026-08-04,2026-08-04,2026-08-04,2026-08-04,WATCHLIST,neutral_positive,73.26,73.26,73.26,118.19,118.19,0,79.0,3.0,3,5.78,4.68,1.27,0.0,0.0,0,0,73.26,v2_conservative_ranker,53.0,-1.89,4,2.77,13.44,9.61,0.0,34.83,34.83,v3_stability_ranker,strong_price_momentum,63500.0,0.1005,0.1101,0.2049,57100.0,54410.0,3.0762,0.0482,pykrx,,,,,,,,,data/raw/price_340570_20260406_20260804.csv,2,True,Top 20 by conservative v2 price signal score,160,False,Broad evaluation pool candidate
008930,2026-08-04,2026-08-04,2026-08-04,2026-08-04,WATCHLIST,neutral_positive,71.47,71.47,71.47,105.93,105.93,0,75.0,1.74,3,3.79,2.48,0.0,2.0,0.0,0,0,71.47,v2_conservative_ranker,46.15,8.0,6,5.26,13.6,0.0,3.2,48.61,48.61,v3_stability_ranker,strong_price_momentum,39200.0,0.0874,0.1546,0.2444,35880.0,33895.0,1.3485,0.0316,pykrx,,,,,,2,2,0,data/raw/price_008930_20260406_20260804.csv,3,True,Top 20 by conservative v2 price signal score,93,False,Broad evaluation pool candidate
297890,2026-08-04,2026-08-04,2026-08-04,2026-08-04,WATCHLIST,neutral_positive,70.27,70.27,70.27,95.47,95.47,0,70.84,3.2,3,6.65,0.13,0.0,0.0,0.0,0,0,70.27,v2_conservative_ranker,53.0,8.0,6,4.69,4.94,1.66,0.0,65.09,65.09,v3_stability_ranker,strong_price_momentum,1778.0,0.0711,0.1253,0.0527,1577.2,1631.65,1.6408,0.0554,pykrx,,,,,,,,,data/raw/price_297890_20260406_20260804.csv,4,True,Top 20 by conservative v2 price signal score,16,True,Experimental Top 20 by stability-first v3 score
024720,2026-08-04,2026-08-04,2026-08-04,2026-08-04,WATCHLIST,neutral_positive,68.79,68.79,68.79,93.33,93.33,0,71.93,0.0,3,3.13,0.0,0.0,3.0,0.0,0,0,68.79,v2_conservative_ranker,57.0,2.0,6,13.09,0.0,0.0,4.8,73.29,73.29,v3_stability_ranker,strong_price_momentum,9330.0,0.0219,0.0951,0.0836,8888.0,8618.5,1.0411,0.0261,pykrx,,,,,,3,3,0,data/raw/price_024720_20260406_20260804.csv,5,True,Top 20 by conservative v2 price signal score,4,True,Experimental Top 20 by stability-first v3 score
084870,2026-08-04,2026-08-04,2026-08-04,2026-08-04,WATCHLIST,neutral_positive,68.49,68.49,68.49,93.01,93.01,0,66.39,3.0,3,3.9,0.0,0.0,0.0,0.0,0,0,68.49,v2_conservative_ranker,57.0,-1.38,4,12.12,0.0,0.0,0.0,71.75,71.75,v3_stability_ranker,price_momentum,2015.0,0.01,0.0892,0.0397,1957.8,1936.05,2.892,0.0325,pykrx,,,,,,,,,data/raw/price_084870_20260406_20260804.csv,6,True,Top 20 by conservative v2 price signal score,6,True,Experimental Top 20 by stability-first v3 score
008470,2026-08-04,2026-08-04,2026-08-04,2026-08-04,WATCHLIST,neutral_positive,67.01,67.01,67.01,97.83,97.83,0,71.0,2.88,3,5.54,3.32,0.0,1.0,0.0,0,0,67.01,v2_conservative_ranker,35.95,8.0,6,7.07,15.33,0.19,1.6,39.9,39.9,v3_stability_ranker,price_momentum,2100.0,0.0244,0.2027,0.3359,1907.4,1787.15,1.5753,0.0462,pykrx,,,,,,1,1,0,data/raw/price_008470_20260406_20260804.csv,7,True,Top 20 by conservative v2 price signal score,135,False,Broad evaluation pool candidate
114450,2026-08-04,2026-08-04,2026-08-04,2026-08-04,WATCHLIST,neutral_positive,66.77,66.77,66.77,92.13,92.13,0,71.02,0.0,3,4.96,0.3,0.0,2.0,0.0,0,0,66.77,v2_conservative_ranker,49.95,2.0,6,3.8,7.02,0.0,3.2,51.54,51.54,v3_stability_ranker,strong_price_momentum,2330.0,0.0688,0.0402,0.25,2217.0,2017.4,1.0408,0.0413,pykrx,,,,,,2,2,0,data/raw/price_114450_20260406_20260804.csv,8,True,Top 20 by conservative v2 price signal score,67,False,Broad evaluation pool candidate
179530,2026-08-04,2026-08-04,2026-08-04,2026-08-04,WATCHLIST,neutral_positive,65.67,65.67,65.67,90.87,90.87,0,66.95,3.39,3,5.98,1.69,0.0,0.0,0.0,0,0,65.67,v2_conservative_ranker,46.12,8.0,6,2.53,7.81,0.77,0.0,54.08,54.08,v3_stability_ranker,price_momentum,2180.0,0.0456,0.2011,0.0557,1962.6,1960.25,1.6771,0.0498,pykrx,,,,,,,,,data/raw/price_179530_20260406_20260804.csv,9,True,Top 20 by conservative v2 price signal score,55,False,Broad evaluation pool candidate
018260,2026-08-04,2026-08-04,2026-08-04,2026-08-04,WATCHLIST,neutral_positive,65.41,65.41,65.41,78.53,78.53,0,65.74,1.16,3,6.13,1.36,0.0,0.0,0.0,0,3,65.41,v2_conservative_ranker,57.0,8.0,6,5.33,6.17,0.98,0.0,69.19,69.19,v3_stability_ranker,price_momentum,219500.0,0.0813,0.0948,0.1355,204900.0,200615.0,1.2313,0.0511,pykrx,,,,,,,,,data/raw/price_018260_20260406_20260804.csv,10,True,Top 20 by conservative v2 price signal score,9,True,Experimental Top 20 by stability-first v3 score
006060,2026-08-04,2026-08-04,2026-08-04,2026-08-04,WATCHLIST,neutral_positive,64.62,64.62,64.62,83.65,83.65,0,66.84,-2.0,2,2.22,0.0,0.0,0.0,0.0,0,0,64.62,v2_conservative_ranker,57.0,-3.0,1,14.22,0.0,0.0,0.0,69.22,69.22,v3_stability_ranker,strong_price_momentum,2525.0,0.0243,0.0455,0.037,2437.0,2424.5,0.516,0.0185,pykrx,,,,,,,,,data/raw/price_006060_20260406_20260804.csv,11,True,Top 20 by conservative v2 price signal score,8,True,Experimental Top 20 by stability-first v3 score
253450,2026-08-04,2026-08-04,2026-08-04,2026-08-04,WATCHLIST,neutral_positive,64.59,64.59,64.59,75.35,75.35,0,62.6,1.36,3,4.38,0.0,0.0,1.0,0.0,0,3,64.59,v2_conservative_ranker,57.0,8.0,6,7.53,3.88,0.0,1.6,73.05,73.05,v3_stability_ranker,price_momentum,22850.0,0.0678,0.0907,0.0458,21480.0,21100.5,1.2729,0.0365,pykrx,,,,,,1,1,0,data/raw/price_253450_20260406_20260804.csv,12,True,Top 20 by conservative v2 price signal score,5,True,Experimental Top 20 by stability-first v3 score
080420,2026-08-04,2026-08-04,2026-08-04,2026-08-04,WATCHLIST,neutral_positive,61.94,61.94,61.94,105.89,105.89,0,70.55,0.0,3,3.64,1.94,6.04,0.0,0.0,0,0,61.94,v2_conservative_ranker,48.28,-7.96,4,5.46,14.32,22.0,0.0,13.44,13.44,v3_stability_ranker,price_momentum,1601.0,0.0854,0.1703,0.1585,1434.4,1390.35,5.2444,0.0303,pykrx,,,,,,,,,data/raw/price_080420_20260406_20260804.csv,13,True,Top 20 by conservative v2 price signal score,205,False,Broad evaluation pool candidate
144510,2026-08-04,2026-08-04,2026-08-04,2026-08-04,WATCHLIST,neutral_positive,61.21,61.21,61.21,68.41,68.41,0,57.15,1.99,3,3.92,0.0,0.0,0.0,0.0,0,3,61.21,v2_conservative_ranker,44.5,8.0,6,8.09,2.01,0.0,0.0,64.59,64.59,v3_stability_ranker,neutral,14330.0,0.0568,0.1109,0.0042,13354.0,13377.5,1.3973,0.0327,pykrx,,,,,,,,,data/raw/price_144510_20260406_20260804.csv,14,True,Top 20 by conservative v2 price signal score,18,True,Experimental Top 20 by stability-first v3 score
092040,2026-08-04,2026-08-04,2026-08-04,2026-08-04,WATCHLIST,neutral_positive,60.85,60.85,60.85,73.38,80.38,-7,61.49,6.36,3,5.11,1.19,0.0,0.0,4.7,2,3,60.85,v2_conservative_ranker,47.0,5.0,4,6.61,5.93,5.04,9.2,42.43,42.43,v3_stability_ranker,price_momentum,1230.0,0.0799,0.1031,0.014,1119.8,1156.75,2.2713,0.0426,unknown,아미코젠,아미코젠,paid_in_capital_increase,low_attention,risk_noise_detected,,,,data/raw/price_092040_20260705_20260804.csv,15,True,Top 20 by conservative v2 price signal score,122,False,Broad evaluation pool candidate
332290,2026-08-04,2026-08-04,2026-08-04,2026-08-04,HOLD,neutral,59.59,59.59,59.59,81.8,81.8,0,65.7,-2.0,2,5.34,0.78,0.0,0.0,0.0,0,0,59.59,v2_conservative_ranker,46.92,-3.0,1,3.33,8.57,0.0,0.0,39.68,39.68,v3_stability_ranker,price_momentum,903.0,0.0549,0.1897,0.1344,857.0,804.0,0.7555,0.0445,pykrx,,,,,,,,,data/raw/price_332290_20260406_20260804.csv,16,True,Top 20 by conservative v2 price signal score,137,False,Broad evaluation pool candidate
038680,2026-08-04,2026-08-04,2026-08-04,2026-08-04,HOLD,neutral,59.42,59.42,59.42,78.06,78.06,0,65.65,0.0,3,4.45,4.78,0.0,0.0,0.0,0,0,59.42,v2_conservative_ranker,57.0,8.0,6,4.43,11.02,0.0,0.0,64.42,64.42,v3_stability_ranker,price_momentum,3690.0,0.1098,0.0665,0.1714,3382.0,3352.25,1.0923,0.0371,pykrx,,,,,,,,,data/raw/price_038680_20260406_20260804.csv,17,True,Top 20 by conservative v2 price signal score,19,True,Experimental Top 20 by stability-first v3 score
017670,2026-08-04,2026-08-04,2026-08-04,2026-08-04,HOLD,neutral,59.39,59.39,59.39,77.57,77.57,0,63.11,2.75,3,7.12,5.35,0.0,0.0,0.0,0,3,59.39,v2_conservative_ranker,53.0,8.0,6,4.11,11.83,2.29,0.0,56.98,56.98,v3_stability_ranker,price_momentum,91400.0,0.1146,0.1119,0.0603,82320.0,87200.0,1.5497,0.0593,pykrx,,,,,,,,,data/raw/price_017670_20260406_20260804.csv,18,True,Top 20 by conservative v2 price signal score,40,False,Broad evaluation pool candidate
053580,2026-08-04,2026-08-04,2026-08-04,2026-08-04,HOLD,neutral,59.33,59.33,59.33,71.71,71.71,0,63.13,-2.0,2,3.8,0.0,0.0,0.0,0.0,0,0,59.33,v2_conservative_ranker,57.0,-3.0,1,12.25,0.0,0.0,0.0,67.25,67.25,v3_stability_ranker,price_momentum,6730.0,0.0275,0.0768,0.07,6326.0,6268.0,0.6163,0.0317,pykrx,,,,,,,,,data/raw/price_053580_20260406_20260804.csv,19,True,Top 20 by conservative v2 price signal score,11,True,Experimental Top 20 by stability-first v3 score
000760,2026-08-04,2026-08-04,2026-08-04,2026-08-04,HOLD,neutral,59.21,59.21,59.21,72.12,72.12,0,64.1,0.0,2,6.89,0.0,0.0,0.0,0.0,0,0,59.21,v2_conservative_ranker,57.0,2.0,1,8.39,0.0,1.98,0.0,66.41,66.41,v3_stability_ranker,price_momentum,13040.0,-0.0232,0.084,0.0885,12724.0,12402.0,0.8393,0.0574,pykrx,,,,,,,,,data/raw/price_000760_20260406_20260804.csv,20,True,Top 20 by conservative v2 price signal score,12,True,Experimental Top 20 by stability-first v3 score
330730,2026-08-04,2026-08-04,2026-08-04,2026-08-04,HOLD,neutral,59.01,59.01,59.01,75.09,75.09,0,63.1,-2.0,2,4.09,0.0,0.0,0.0,0.0,0,0,59.01,v2_conservative_ranker,51.0,-3.0,1,11.89,0.0,0.0,0.0,60.89,60.89,v3_stability_ranker,price_momentum,4750.0,0.0371,0.065,-0.0114,4432.0,4484.25,0.7619,0.0341,pykrx,,,,,,,,,data/raw/price_330730_20260406_20260804.csv,21,False,Broad evaluation pool candidate,27,False,Broad evaluation pool candidate
340810,2026-08-04,2026-08-04,2026-08-04,2026-08-04,HOLD,neutral,58.99,58.99,58.99,88.63,88.63,0,67.0,1.86,3,5.52,6.34,0.0,2.0,0.0,0,1,58.99,v2_conservative_ranker,37.78,8.0,6,7.1,19.69,0.16,3.2,35.83,35.83,v3_stability_ranker,price_momentum,3215.0,0.0016,0.1691,0.3508,3060.0,2561.5,1.3712,0.046,pykrx,,,,,,2,2,0,data/raw/price_340810_20260406_20260804.csv,22,False,Broad evaluation pool candidate,152,False,Broad evaluation pool candidate
083640,2026-08-04,2026-08-04,2026-08-04,2026-08-04,HOLD,neutral,58.37,58.37,58.37,62.68,62.68,0,56.71,1.38,3,5.72,0.0,0.0,0.0,0.0,0,3,58.37,v2_conservative_ranker,48.5,8.0,6,5.84,1.7,0.43,0.0,66.21,66.21,v3_stability_ranker,neutral,1171.0,0.055,0.0753,0.0052,1067.6,1129.6,1.2766,0.0477,pykrx,,,,,,,,,data/raw/price_083640_20260406_20260804.csv,23,False,Broad evaluation pool candidate,14,True,Experimental Top 20 by stability-first v3 score
141000,2026-08-04,2026-08-04,2026-08-04,2026-08-04,HOLD,neutral,58.18,58.18,58.18,74.65,74.65,0,58.53,2.61,3,5.96,0.0,0.0,0.0,0.0,0,0,58.18,v2_conservative_ranker,43.83,8.0,6,9.54,1.91,0.75,0.0,64.71,64.71,v3_stability_ranker,price_momentum,8300.0,0.0122,0.1401,-0.0705,7602.0,8015.5,1.5225,0.0497,pykrx,,,,,,,,,data/raw/price_141000_20260406_20260804.csv,24,False,Broad evaluation pool candidate,17,True,Experimental Top 20 by stability-first v3 score
115530,2026-08-04,2026-08-04,2026-08-04,2026-08-04,HOLD,neutral,58.0,58.0,58.0,99.3,99.3,0,75.0,-2.0,2,6.34,10.66,0.0,0.0,0.0,0,0,58.0,v2_conservative_ranker,40.17,-3.0,1,2.08,19.99,1.25,0.0,19.01,19.01,v3_stability_ranker,strong_price_momentum,2220.0,0.0472,0.2862,0.2019,2036.8,1871.7,0.5973,0.0528,pykrx,,,,,,,,,data/raw/price_115530_20260406_20260804.csv,25,False,Broad evaluation pool candidate,199,False,Broad evaluation pool candidate
397030,2026-08-04,2026-08-04,2026-08-04,2026-08-04,HOLD,neutral,57.09,57.09,57.09,68.67,68.67,0,55.05,6.08,3,8.75,0.0,1.29,0.0,0.0,0,3,57.09,v2_conservative_ranker,41.0,5.0,4,2.06,3.03,8.29,0.0,40.75,40.75,v3_stability_ranker,price_momentum,25400.0,0.0628,0.1116,-0.1699,22328.0,24744.5,2.2157,0.0729,pykrx,,,,,,,,,data/raw/price_397030_20260406_20260804.csv,26,False,Broad evaluation pool candidate,128,False,Broad evaluation pool candidate
040910,2026-08-04,2026-08-04,2026-08-04,2026-08-04,HOLD,neutral,56.89,56.89,56.89,66.42,66.42,0,61.39,-2.0,2,4.5,0.0,0.0,0.0,0.0,0,0,56.89,v2_conservative_ranker,57.0,-3.0,1,11.38,0.0,0.0,0.0,66.38,66.38,v3_stability_ranker,price_momentum,4145.0,-0.0072,0.0766,0.0209,3979.0,3954.75,0.2434,0.0375,pykrx,,,,,,,,,data/raw/price_040910_20260406_20260804.csv,27,False,Broad evaluation pool candidate,13,True,Experimental Top 20 by stability-first v3 score
241840,2026-08-04,2026-08-04,2026-08-04,2026-08-04,HOLD,neutral,55.73,55.73,55.73,65.84,65.84,0,52.01,3.61,3,2.88,0.0,0.0,0.0,0.0,0,0,55.73,v2_conservative_ranker,47.72,8.0,6,13.4,0.0,0.0,0.0,75.12,75.12,v3_stability_ranker,price_momentum,2285.0,0.0111,0.0156,-0.073,2246.0,2324.0,1.7218,0.024,pykrx,,,,,,,,,data/raw/price_241840_20260406_20260804.csv,28,False,Broad evaluation pool candidate,3,True,Experimental Top 20 by stability-first v3 score
142760,2026-08-04,2026-08-04,2026-08-04,2026-08-04,HOLD,neutral,55.58,55.58,55.58,71.02,71.02,0,62.98,0.0,2,8.4,0.0,1.0,0.0,0.0,0,0,55.58,v2_conservative_ranker,53.0,2.0,1,2.5,0.0,4.0,0.0,54.5,54.5,v3_stability_ranker,price_momentum,430.0,-0.0693,0.1026,0.0565,402.6,394.15,0.8223,0.07,pykrx,,,,,,,,,data/raw/price_142760_20260406_20260804.csv,29,False,Broad evaluation pool candidate,52,False,Broad evaluation pool candidate
007980,2026-08-04,2026-08-04,2026-08-04,2026-08-04,HOLD,neutral,55.16,55.16,55.16,58.28,58.28,0,50.83,0.98,3,2.65,0.0,0.0,0.0,0.0,0,3,55.16,v2_conservative_ranker,48.5,8.0,6,13.68,0.0,0.0,0.0,76.19,76.19,v3_stability_ranker,neutral,1674.0,0.0314,0.0302,-0.034,1619.6,1678.05,1.1954,0.0221,pykrx,,,,,,,,,data/raw/price_007980_20260406_20260804.csv,30,False,Broad evaluation pool candidate,2,True,Experimental Top 20 by stability-first v3 score
100840,2026-08-04,2026-08-04,2026-08-04,2026-08-04,HOLD,neutral,55.11,55.11,55.11,70.53,70.53,0,58.52,1.35,3,7.5,0.0,0.25,0.0,0.0,0,0,55.11,v2_conservative_ranker,50.5,8.0,6,0.62,5.21,2.8,0.0,57.11,57.11,v3_stability_ranker,neutral,27700.0,0.0552,0.1566,0.0433,24580.0,25127.5,1.2691,0.0625,pykrx,,,,,,,,,data/raw/price_100840_20260406_20260804.csv,31,False,Broad evaluation pool candidate,39,False,Broad evaluation pool candidate
082270,2026-08-04,2026-08-04,2026-08-04,2026-08-04,HOLD,neutral,54.61,54.61,54.61,82.07,82.07,0,63.5,2.1,3,6.02,7.97,0.0,0.0,0.0,0,0,54.61,v2_conservative_ranker,43.54,8.0,6,2.47,22.73,0.83,0.0,36.45,36.45,v3_stability_ranker,price_momentum,12170.0,0.0895,0.238,0.0713,10454.0,10433.0,1.4208,0.0502,pykrx,,,,,,,,,data/raw/price_082270_20260406_20260804.csv,32,False,Broad evaluation pool candidate,150,False,Broad evaluation pool candidate
121440,2026-08-04,2026-08-04,2026-08-04,2026-08-04,HOLD,neutral,54.33,54.33,54.33,68.87,68.87,0,56.6,-2.0,2,0.26,0.0,0.0,2.0,0.0,0,0,54.33,v2_conservative_ranker,43.0,-3.0,1,16.67,0.0,0.0,3.2,54.47,54.47,v3_stability_ranker,price_momentum,6640.0,-0.0045,-0.003,-0.003,6668.0,6659.0,0.2573,0.0022,pykrx,,,,,,2,2,0,data/raw/price_121440_20260406_20260804.csv,33,False,Broad evaluation pool candidate,53,False,Broad evaluation pool candidate
025980,2026-08-04,2026-08-04,2026-08-04,2026-08-04,HOLD,neutral,54.29,54.29,54.29,60.97,60.97,0,55.59,0.0,3,4.3,0.0,0.0,0.0,0.0,0,0,54.29,v2_conservative_ranker,48.5,8.0,6,7.63,2.26,0.0,0.0,67.87,67.87,v3_stability_ranker,neutral,3810.0,0.0583,0.0809,-0.0403,3539.0,3706.75,1.0795,0.0358,pykrx,,,,,,,,,data/raw/price_025980_20260406_20260804.csv,34,False,Broad evaluation pool candidate,10,True,Experimental Top 20 by stability-first v3 score
403550,2026-08-04,2026-08-04,2026-08-04,2026-08-04,HOLD,neutral,54.04,54.04,54.04,67.75,67.75,0,59.38,-2.0,2,3.34,0.0,0.0,2.0,0.0,0,0,54.04,v2_conservative_ranker,47.0,-3.0,1,12.83,0.0,0.0,3.2,54.63,54.63,v3_stability_ranker,price_momentum,10280.0,0.0259,0.1006,-0.0464,9924.0,9906.0,0.4654,0.0278,pykrx,,,,,,2,2,0,data/raw/price_403550_20260406_20260804.csv,35,False,Broad evaluation pool candidate,51,False,Broad evaluation pool candidate
010780,2026-08-04,2026-08-04,2026-08-04,2026-08-04,HOLD,neutral,54.04,54.04,54.04,55.95,55.95,0,50.5,1.96,3,4.42,0.0,0.0,0.0,0.0,0,3,54.04,v2_conservative_ranker,42.5,8.0,6,7.48,3.91,0.0,0.0,60.07,60.07,v3_stability_ranker,neutral,19170.0,0.068,0.0668,-0.148,17854.0,18884.0,1.392,0.0368,pykrx,,,,,,,,,data/raw/price_010780_20260406_20260804.csv,36,False,Broad evaluation pool candidate,30,False,Broad evaluation pool candidate
282720,2026-08-04,2026-08-04,2026-08-04,2026-08-04,HOLD,neutral,53.96,53.96,53.96,71.93,71.93,0,63.22,-2.0,2,7.48,1.56,0.23,0.0,0.0,0,0,53.96,v2_conservative_ranker,53.0,-3.0,1,0.65,6.46,2.77,0.0,42.43,42.43,v3_stability_ranker,price_momentum,7700.0,0.083,0.1047,0.0635,6926.0,6902.0,0.7523,0.0623,pykrx,,,,,,,,,data/raw/price_282720_20260406_20260804.csv,37,False,Broad evaluation pool candidate,123,False,Broad evaluation pool candidate
460940,2026-08-04,2026-08-04,2026-08-04,2026-08-04,HOLD,neutral,53.82,53.82,53.82,75.77,75.77,0,62.78,0.0,2,8.08,2.16,0.73,0.0,0.0,0,0,53.82,v2_conservative_ranker,45.71,2.0,1,3.9,8.82,3.57,0.0,40.23,40.23,v3_stability_ranker,price_momentum,4840.0,0.032,0.207,0.051,4351.0,4296.5,0.8256,0.0673,pykrx,,,,,,,,,data/raw/price_460940_20260406_20260804.csv,38,False,Broad evaluation pool candidate,133,False,Broad evaluation pool candidate
018470,2026-08-04,2026-08-04,2026-08-04,2026-08-04,HOLD,neutral,53.22,53.22,53.22,70.95,70.95,0,62.16,-2.0,2,3.94,0.0,0.0,5.0,0.0,0,0,53.22,v2_conservative_ranker,57.0,-3.0,1,12.08,0.0,0.0,7.7,59.38,59.38,v3_stability_ranker,price_momentum,1037.0,0.0237,0.0475,0.126,1031.4,944.55,0.5292,0.0328,pykrx,,,,,,5,3,1,data/raw/price_018470_20260406_20260804.csv,39,False,Broad evaluation pool candidate,33,False,Broad evaluation pool candidate
038530,2026-08-04,2026-08-04,2026-08-04,2026-08-04,HOLD,neutral,53.21,53.21,53.21,84.2,84.2,0,66.07,1.32,3,6.76,8.43,0.0,2.0,0.0,0,0,53.21,v2_conservative_ranker,41.53,8.0,6,5.55,18.6,1.81,3.2,37.48,37.48,v3_stability_ranker,price_momentum,988.0,0.0389,0.2667,0.1448,896.6,840.95,1.2649,0.0563,pykrx,,,,,,2,2,0,data/raw/price_038530_20260406_20260804.csv,40,False,Broad evaluation pool candidate,144,False,Broad evaluation pool candidate
115480,2026-08-04,2026-08-04,2026-08-04,2026-08-04,HOLD,neutral,53.09,53.09,53.09,59.69,59.69,0,53.56,0.0,2,2.47,0.0,0.0,0.0,0.0,0,0,53.09,v2_conservative_ranker,48.5,2.0,6,13.91,0.0,0.0,0.0,70.41,70.41,v3_stability_ranker,neutral,1842.0,0.0348,0.0514,-0.0166,1766.0,1777.65,0.9067,0.0206,pykrx,,,,,,,,,data/raw/price_115480_20260406_20260804.csv,41,False,Broad evaluation pool candidate,7,True,Experimental Top 20 by stability-first v3 score
309930,2026-08-04,2026-08-04,2026-08-04,2026-08-04,HOLD,neutral,52.87,52.87,52.87,80.12,80.12,0,67.0,0.0,2,10.0,0.0,3.13,3.0,0.0,0,0,52.87,v2_conservative_ranker,45.5,2.0,1,2.0,0.75,7.41,4.8,37.54,37.54,v3_stability_ranker,price_momentum,961.0,0.0234,0.1279,0.2628,937.4,867.65,0.889,0.0913,pykrx,,,,,,3,3,0,data/raw/price_309930_20260406_20260804.csv,42,False,Broad evaluation pool candidate,143,False,Broad evaluation pool candidate
064400,2026-08-04,2026-08-04,2026-08-04,2026-08-04,HOLD,neutral,52.86,52.86,52.86,60.43,60.43,0,54.21,1.07,3,6.07,2.35,0.0,0.0,0.0,0,3,52.86,v2_conservative_ranker,40.91,8.0,6,5.41,7.58,0.9,0.0,51.85,51.85,v3_stability_ranker,neutral,68100.0,0.0896,0.1019,-0.0797,62120.0,65780.0,1.2142,0.0506,pykrx,,,,,,,,,data/raw/price_064400_20260406_20260804.csv,43,False,Broad evaluation pool candidate,63,False,Broad evaluation pool candidate
009540,2026-08-04,2026-08-04,2026-08-04,2026-08-04,HOLD,neutral,52.78,52.78,52.78,66.35,66.35,0,59.51,-2.0,2,5.74,0.0,0.0,2.0,0.0,0,1,52.78,v2_conservative_ranker,57.0,-3.0,1,9.83,0.0,0.45,3.2,61.18,61.18,v3_stability_ranker,price_momentum,374000.0,0.0149,0.0565,0.0247,366100.0,353675.0,0.707,0.0478,pykrx,,,,,,2,2,0,data/raw/price_009540_20260406_20260804.csv,44,False,Broad evaluation pool candidate,26,False,Broad evaluation pool candidate
134790,2026-08-04,2026-08-04,2026-08-04,2026-08-04,HOLD,neutral,52.75,52.75,52.75,62.08,62.08,0,54.61,-2.0,2,1.86,0.0,0.0,0.0,0.0,0,0,52.75,v2_conservative_ranker,43.0,-3.0,1,14.68,0.0,0.0,0.0,55.67,55.67,v3_stability_ranker,price_momentum,19550.0,0.0015,0.0114,0.0135,19342.0,19293.0,0.3027,0.0155,pykrx,,,,,,,,,data/raw/price_134790_20260406_20260804.csv,45,False,Broad evaluation pool candidate,45,False,Broad evaluation pool candidate
013520,2026-08-04,2026-08-04,2026-08-04,2026-08-04,HOLD,neutral,52.73,52.73,52.73,59.12,59.12,0,54.88,0.0,2,4.15,0.0,0.0,0.0,0.0,0,0,52.73,v2_conservative_ranker,48.5,2.0,1,11.81,0.0,0.0,0.0,63.31,63.31,v3_stability_ranker,neutral,2590.0,0.0019,0.068,-0.0263,2484.0,2513.25,0.8484,0.0346,pykrx,,,,,,,,,data/raw/price_013520_20260406_20260804.csv,46,False,Broad evaluation pool candidate,20,True,Experimental Top 20 by stability-first v3 score
255220,2026-08-04,2026-08-04,2026-08-04,2026-08-04,HOLD,neutral,52.52,52.52,52.52,70.73,70.73,0,57.48,1.62,3,5.88,3.7,0.0,0.0,0.0,0,0,52.52,v2_conservative_ranker,38.58,8.0,6,5.65,15.06,0.64,0.0,42.54,42.54,v3_stability_ranker,neutral,1337.0,0.0959,0.1874,0.0136,1183.0,1262.85,1.325,0.049,pykrx,,,,,,,,,data/raw/price_255220_20260406_20260804.csv,47,False,Broad evaluation pool candidate,121,False,Broad evaluation pool candidate
071200,2026-08-04,2026-08-04,2026-08-04,2026-08-04,HOLD,neutral,52.45,52.45,52.45,77.2,77.2,0,63.0,0.0,2,6.29,6.26,0.0,0.0,0.0,0,0,52.45,v2_conservative_ranker,30.72,2.0,6,2.14,22.08,1.18,0.0,17.59,17.59,v3_stability_ranker,neutral,9410.0,0.0841,0.2158,0.3879,8224.0,8319.5,0.9075,0.0524,pykrx,,,,,,,,,data/raw/price_071200_20260406_20260804.csv,48,False,Broad evaluation pool candidate,200,False,Broad evaluation pool candidate
039200,2026-08-04,2026-08-04,2026-08-04,2026-08-04,HOLD,neutral,51.59,51.59,51.59,72.13,72.13,0,58.26,2.31,3,5.78,6.19,0.0,0.0,0.0,0,0,51.59,v2_conservative_ranker,50.5,8.0,6,2.77,15.09,0.51,0.0,51.66,51.66,v3_stability_ranker,neutral,34600.0,0.1216,0.1438,0.0359,30610.0,30625.0,1.462,0.0482,pykrx,,,,,,,,,data/raw/price_039200_20260406_20260804.csv,49,False,Broad evaluation pool candidate,65,False,Broad evaluation pool candidate
004380,2026-08-04,2026-08-04,2026-08-04,2026-08-04,HOLD,neutral,51.38,51.38,51.38,60.35,60.35,0,56.75,-2.0,2,5.36,0.0,0.0,0.0,0.0,0,0,51.38,v2_conservative_ranker,48.5,-3.0,1,10.3,0.0,0.0,0.0,56.8,56.8,v3_stability_ranker,neutral,8320.0,0.0259,0.0976,-0.0072,7696.0,7856.5,0.5707,0.0447,pykrx,,,,,,,,,data/raw/price_004380_20260406_20260804.csv,50,False,Broad evaluation pool candidate,41,False,Broad evaluation pool candidate
130660,2026-08-04,2026-08-04,2026-08-04,2026-08-04,HOLD,neutral,51.08,51.08,51.08,60.42,60.42,0,55.52,0.0,2,6.44,0.0,0.0,0.0,0.0,0,0,51.08,v2_conservative_ranker,44.5,2.0,1,4.95,3.62,1.39,0.0,47.43,47.43,v3_stability_ranker,neutral,11100.0,0.0663,0.11,-0.0423,10068.0,10613.5,0.8167,0.0537,pykrx,,,,,,,,,data/raw/price_130660_20260406_20260804.csv,51,False,Broad evaluation pool candidate,96,False,Broad evaluation pool candidate
003100,2026-08-04,2026-08-04,2026-08-04,2026-08-04,HOLD,neutral,51.01,51.01,51.01,59.6,59.6,0,53.71,-2.0,2,2.7,0.0,0.0,0.0,0.0,0,0,51.01,v2_conservative_ranker,54.5,-3.0,1,13.62,0.0,0.0,0.0,66.12,66.12,v3_stability_ranker,neutral,19960.0,0.0289,0.0294,0.0505,19168.0,19478.5,0.7302,0.0225,pykrx,,,,,,,,,data/raw/price_003100_20260406_20260804.csv,52,False,Broad evaluation pool candidate,15,True,Experimental Top 20 by stability-first v3 score
230360,2026-06-29,2026-06-29,2026-06-29,2026-08-04,HOLD,neutral,50.98,50.98,50.98,59.98,59.98,0,53.0,0.0,0,0.02,0.0,0.0,2.0,0.0,0,0,50.98,v2_conservative_ranker,43.0,-5.0,0,16.97,0.0,0.0,3.2,51.77,51.77,v3_stability_ranker,price_momentum,16000.0,0.0,0.0,0.0,16000.0,16000.5,0.0,0.0002,pykrx,,,,,,2,2,0,data/raw/price_230360_20260406_20260804.csv,53,False,Broad evaluation pool candidate,64,False,Broad evaluation pool candidate
296160,2026-08-04,2026-08-04,2026-08-04,2026-08-04,HOLD,neutral,50.84,50.84,50.84,58.52,58.52,0,53.84,-2.0,2,3.0,0.0,0.0,0.0,0.0,0,0,50.84,v2_conservative_ranker,48.5,-3.0,1,13.25,0.0,0.0,0.0,59.75,59.75,v3_stability_ranker,neutral,2785.0,0.0054,0.0509,-0.0071,2727.0,2779.25,0.7141,0.025,pykrx,,,,,,,,,data/raw/price_296160_20260406_20260804.csv,54,False,Broad evaluation pool candidate,32,False,Broad evaluation pool candidate
089140,2026-08-04,2026-08-04,2026-08-04,2026-08-04,HOLD,neutral,50.74,50.74,50.74,57.86,57.86,0,55.88,-2.0,2,5.14,0.0,0.0,0.0,0.0,0,0,50.74,v2_conservative_ranker,48.5,-3.0,1,6.58,1.0,0.0,0.0,52.08,52.08,v3_stability_ranker,neutral,2270.0,0.0509,0.0733,-0.013,2128.0,2171.0,0.577,0.0428,pykrx,,,,,,,,,data/raw/price_089140_20260406_20260804.csv,55,False,Broad evaluation pool candidate,62,False,Broad evaluation pool candidate
475580,2026-08-04,2026-08-04,2026-08-04,2026-08-04,HOLD,neutral,50.69,50.69,50.69,59.23,59.23,0,53.32,0.0,3,5.63,0.0,0.0,0.0,0.0,0,0,50.69,v2_conservative_ranker,39.77,2.0,6,5.97,2.96,0.3,0.0,50.47,50.47,v3_stability_ranker,neutral,6980.0,0.0624,0.1115,-0.1051,6354.0,6816.5,1.0042,0.0469,pykrx,,,,,,,,,data/raw/price_475580_20260406_20260804.csv,56,False,Broad evaluation pool candidate,69,False,Broad evaluation pool candidate
049950,2026-08-04,2026-08-04,2026-08-04,2026-08-04,HOLD,neutral,50.62,50.62,50.62,57.31,57.31,0,54.7,0.0,2,6.08,0.0,0.0,0.0,0.0,0,0,50.62,v2_conservative_ranker,45.66,2.0,6,5.39,1.9,0.91,0.0,56.24,56.24,v3_stability_ranker,neutral,9960.0,0.0562,0.0791,-0.063,9082.0,9661.0,0.9361,0.0507,pykrx,,,,,,,,,data/raw/price_049950_20260406_20260804.csv,57,False,Broad evaluation pool candidate,43,False,Broad evaluation pool candidate
045390,2026-08-04,2026-08-04,2026-08-04,2026-08-04,HOLD,neutral,50.44,50.44,50.44,56.98,56.98,0,53.24,0.0,2,4.8,0.0,0.0,0.0,0.0,0,0,50.44,v2_conservative_ranker,45.61,2.0,6,7.0,2.24,0.0,0.0,58.36,58.36,v3_stability_ranker,neutral,2545.0,0.0582,0.0649,-0.0643,2351.0,2485.75,0.9512,0.04,pykrx,,,,,,,,,data/raw/price_045390_20260406_20260804.csv,58,False,Broad evaluation pool candidate,35,False,Broad evaluation pool candidate
006730,2026-08-04,2026-08-04,2026-08-04,2026-08-04,HOLD,neutral,50.07,50.07,50.07,57.58,57.58,0,54.68,-2.0,2,4.61,0.0,0.0,0.0,0.0,0,0,50.07,v2_conservative_ranker,48.5,-3.0,1,11.24,0.0,0.0,0.0,57.74,57.74,v3_stability_ranker,neutral,10130.0,0.011,0.0652,-0.0241,9746.0,10068.5,0.6837,0.0384,pykrx,,,,,,,,,data/raw/price_006730_20260406_20260804.csv,59,False,Broad evaluation pool candidate,36,False,Broad evaluation pool candidate
137400,2026-08-04,2026-08-04,2026-08-04,2026-08-04,HOLD,neutral,49.94,49.94,49.94,62.13,62.13,0,53.93,1.02,3,6.89,1.13,0.0,0.0,0.0,0,0,49.94,v2_conservative_ranker,40.56,8.0,6,4.39,6.82,1.98,0.0,50.15,50.15,v3_stability_ranker,neutral,31250.0,0.0794,0.1302,-0.0876,27870.0,29412.5,1.2043,0.0574,pykrx,,,,,,,,,data/raw/price_137400_20260406_20260804.csv,60,False,Broad evaluation pool candidate,74,False,Broad evaluation pool candidate
009830,2026-08-04,2026-08-04,2026-08-04,2026-08-04,HOLD,neutral,49.85,49.85,49.85,57.47,57.47,0,51.82,0.99,3,7.46,1.27,0.22,0.0,0.0,0,3,49.85,v2_conservative_ranker,38.5,8.0,6,3.67,6.05,2.75,0.0,47.37,47.37,v3_stability_ranker,neutral,26800.0,0.0806,0.119,-0.1479,24690.0,27915.0,1.1973,0.0622,pykrx,,,,,,,,,data/raw/price_009830_20260406_20260804.csv,61,False,Broad evaluation pool candidate,97,False,Broad evaluation pool candidate
106240,2026-08-04,2026-08-04,2026-08-04,2026-08-04,HOLD,neutral,49.74,49.74,49.74,57.88,57.88,0,54.85,-2.0,2,5.11,0.0,0.0,0.0,0.0,0,0,49.74,v2_conservative_ranker,45.74,-3.0,1,10.61,0.0,0.0,0.0,54.35,54.35,v3_stability_ranker,neutral,1270.0,-0.0223,0.0948,-0.0613,1219.4,1270.55,0.6207,0.0426,pykrx,,,,,,,,,data/raw/price_106240_20260406_20260804.csv,62,False,Broad evaluation pool candidate,54,False,Broad evaluation pool candidate
107640,2026-08-04,2026-08-04,2026-08-04,2026-08-04,HOLD,neutral,49.62,49.62,49.62,65.58,65.58,0,55.89,0.69,3,8.0,1.3,0.67,0.0,0.0,0,0,49.62,v2_conservative_ranker,40.14,8.0,6,3.0,10.38,3.47,0.0,43.28,43.28,v3_stability_ranker,neutral,32100.0,0.0808,0.1652,-0.0317,27970.0,29602.5,1.1389,0.0667,pykrx,,,,,,,,,data/raw/price_107640_20260406_20260804.csv,63,False,Broad evaluation pool candidate,116,False,Broad evaluation pool candidate
229000,2026-08-04,2026-08-04,2026-08-04,2026-08-04,HOLD,neutral,49.43,49.43,49.43,60.17,60.17,0,55.61,-2.0,2,6.18,0.0,0.0,0.0,0.0,0,0,49.43,v2_conservative_ranker,44.5,-3.0,1,5.28,0.48,1.04,0.0,46.26,46.26,v3_stability_ranker,neutral,1645.0,0.0478,0.1122,-0.0397,1512.0,1568.25,0.6811,0.0515,pykrx,,,,,,,,,data/raw/price_229000_20260406_20260804.csv,64,False,Broad evaluation pool candidate,104,False,Broad evaluation pool candidate
0009K0,2026-08-04,2026-08-04,2026-08-04,2026-08-04,HOLD,neutral,49.15,49.15,49.15,80.84,80.84,0,60.29,6.79,3,8.75,10.89,1.29,0.0,0.0,0,0,49.15,v2_conservative_ranker,39.07,5.0,4,-0.94,21.5,15.05,0.0,10.59,10.59,v3_stability_ranker,price_momentum,24200.0,0.1524,0.2161,-0.0202,20306.0,21524.5,2.3572,0.0729,pykrx,,,,,,,,,data/raw/price_0009K0_20260406_20260804.csv,65,False,Broad evaluation pool candidate,207,False,Broad evaluation pool candidate
059270,2026-08-04,2026-08-04,2026-08-04,2026-08-04,HOLD,neutral,49.06,49.06,49.06,62.24,62.24,0,55.43,-2.0,2,6.37,0.0,0.0,0.0,0.0,0,0,49.06,v2_conservative_ranker,44.5,-3.0,1,5.04,2.66,1.3,0.0,43.58,43.58,v3_stability_ranker,neutral,5740.0,0.0417,0.148,-0.0449,5239.0,5418.75,0.4993,0.0531,pykrx,,,,,,,,,data/raw/price_059270_20260406_20260804.csv,66,False,Broad evaluation pool candidate,115,False,Broad evaluation pool candidate
290720,2026-08-04,2026-08-04,2026-08-04,2026-08-04,HOLD,neutral,48.58,48.58,48.58,56.55,56.55,0,50.9,0.0,2,4.32,0.0,0.0,0.0,0.0,0,0,48.58,v2_conservative_ranker,40.5,2.0,6,11.6,0.0,0.0,0.0,60.1,60.1,v3_stability_ranker,neutral,3060.0,-0.0065,0.0132,0.0166,3034.0,3092.75,0.9997,0.036,pykrx,,,,,,,,,data/raw/price_290720_20260406_20260804.csv,67,False,Broad evaluation pool candidate,29,False,Broad evaluation pool candidate
003470,2026-08-04,2026-08-04,2026-08-04,2026-08-04,HOLD,neutral,48.48,48.48,48.48,55.31,55.31,0,53.8,-2.0,2,5.32,0.0,0.0,0.0,0.0,0,0,48.48,v2_conservative_ranker,45.58,-3.0,1,10.36,0.0,0.0,0.0,53.93,53.93,v3_stability_ranker,neutral,4465.0,0.0312,0.0707,-0.0649,4211.0,4381.5,0.6523,0.0443,pykrx,,,,,,,,,data/raw/price_003470_20260406_20260804.csv,68,False,Broad evaluation pool candidate,56,False,Broad evaluation pool candidate
009810,2026-08-04,2026-08-04,2026-08-04,2026-08-04,HOLD,neutral,48.44,48.44,48.44,64.38,64.38,0,57.02,-2.0,2,5.58,0.0,0.0,3.0,0.0,0,0,48.44,v2_conservative_ranker,57.0,-3.0,1,10.03,0.0,0.24,4.8,59.99,59.99,v3_stability_ranker,price_momentum,1909.0,-0.016,0.0302,0.0286,1923.6,1900.05,0.7636,0.0465,pykrx,,,,,,3,3,0,data/raw/price_009810_20260406_20260804.csv,69,False,Broad evaluation pool candidate,31,False,Broad evaluation pool candidate
0126Z0,2026-08-04,2026-08-04,2026-08-04,2026-08-04,HOLD,neutral,48.39,48.39,48.39,55.14,55.14,0,53.21,-2.0,2,4.82,0.0,0.0,0.0,0.0,0,0,48.39,v2_conservative_ranker,48.5,-3.0,1,6.97,0.0,0.0,0.0,53.47,53.47,v3_stability_ranker,neutral,386000.0,0.0447,0.0518,-0.0277,366400.0,379375.0,0.5616,0.0402,pykrx,,,,,,,,,data/raw/price_0126Z0_20260406_20260804.csv,70,False,Broad evaluation pool candidate,57,False,Broad evaluation pool candidate
007570,2026-08-04,2026-08-04,2026-08-04,2026-08-04,HOLD,neutral,48.37,48.37,48.37,64.23,64.23,0,55.98,-2.0,2,2.6,0.0,0.0,5.0,0.0,0,0,48.37,v2_conservative_ranker,51.0,-3.0,1,13.75,0.0,0.0,7.7,55.05,55.05,v3_stability_ranker,price_momentum,8460.0,0.0036,0.023,0.0193,8326.0,8259.5,0.5221,0.0217,pykrx,,,,,,5,3,1,data/raw/price_007570_20260406_20260804.csv,71,False,Broad evaluation pool candidate,48,False,Broad evaluation pool candidate
248070,2026-08-04,2026-08-04,2026-08-04,2026-08-04,HOLD,neutral,48.33,48.33,48.33,55.27,55.27,0,53.12,-2.0,2,4.79,0.0,0.0,0.0,0.0,0,0,48.33,v2_conservative_ranker,45.18,-3.0,1,7.02,1.34,0.0,0.0,48.86,48.86,v3_stability_ranker,neutral,14330.0,0.0529,0.067,-0.0737,13360.0,14293.5,0.7068,0.0399,pykrx,,,,,,,,,data/raw/price_248070_20260406_20260804.csv,72,False,Broad evaluation pool candidate,91,False,Broad evaluation pool candidate
009420,2026-08-04,2026-08-04,2026-08-04,2026-08-04,HOLD,neutral,48.25,48.25,48.25,74.03,74.03,0,58.56,2.59,3,7.91,7.4,0.59,0.0,0.0,0,0,48.25,v2_conservative_ranker,43.86,8.0,6,3.12,14.89,3.34,0.0,42.74,42.74,v3_stability_ranker,price_momentum,52000.0,0.1317,0.1504,-0.0698,44410.0,50035.0,1.5188,0.0659,pykrx,,,,,,,,,data/raw/price_009420_20260406_20260804.csv,73,False,Broad evaluation pool candidate,120,False,Broad evaluation pool candidate
001630,2026-08-04,2026-08-04,2026-08-04,2026-08-04,HOLD,neutral,48.19,48.19,48.19,54.59,54.59,0,50.7,-2.0,2,2.51,0.0,0.0,0.0,0.0,0,0,48.19,v2_conservative_ranker,48.5,-3.0,1,13.87,0.0,0.0,0.0,60.37,60.37,v3_stability_ranker,neutral,39150.0,0.0195,0.0249,-0.0225,38240.0,38795.0,0.5533,0.0209,pykrx,,,,,,,,,data/raw/price_001630_20260406_20260804.csv,74,False,Broad evaluation pool candidate,28,False,Broad evaluation pool candidate
475400,2026-08-04,2026-08-04,2026-08-04,2026-08-04,HOLD,neutral,48.05,48.05,48.05,92.81,92.81,0,71.0,2.53,3,10.0,15.38,3.1,0.0,0.0,0,0,48.05,v2_conservative_ranker,39.0,8.0,6,2.0,24.18,7.36,0.0,23.46,23.46,v3_stability_ranker,price_momentum,20550.0,0.0301,0.3555,0.1756,18364.0,16576.5,1.5058,0.091,pykrx,,,,,,,,,data/raw/price_475400_20260406_20260804.csv,75,False,Broad evaluation pool candidate,190,False,Broad evaluation pool candidate
203650,2026-08-04,2026-08-04,2026-08-04,2026-08-04,HOLD,neutral,47.92,47.92,47.92,56.46,56.46,0,52.93,0.0,2,6.62,0.38,0.0,0.0,0.0,0,0,47.92,v2_conservative_ranker,39.26,2.0,1,4.72,4.79,1.63,0.0,40.56,40.56,v3_stability_ranker,neutral,1891.0,0.0732,0.1046,-0.1164,1700.8,1926.65,0.8892,0.0552,pykrx,,,,,,,,,data/raw/price_203650_20260406_20260804.csv,76,False,Broad evaluation pool candidate,132,False,Broad evaluation pool candidate
112610,2026-08-04,2026-08-04,2026-08-04,2026-08-04,HOLD,neutral,47.79,47.79,47.79,55.97,55.97,0,53.57,-2.0,2,5.78,0.0,0.0,0.0,0.0,0,0,47.79,v2_conservative_ranker,48.5,-3.0,1,9.77,0.0,0.51,0.0,55.76,55.76,v3_stability_ranker,neutral,39850.0,0.0391,0.0584,-0.0363,37220.0,39462.5,0.7934,0.0482,pykrx,,,,,,,,,data/raw/price_112610_20260406_20260804.csv,77,False,Broad evaluation pool candidate,44,False,Broad evaluation pool candidate
017810,2026-08-04,2026-08-04,2026-08-04,2026-08-04,HOLD,neutral,47.52,47.52,47.52,52.13,52.13,0,49.34,-2.0,2,1.82,0.0,0.0,0.0,0.0,0,0,47.52,v2_conservative_ranker,48.5,-3.0,1,14.72,0.0,0.0,0.0,61.22,61.22,v3_stability_ranker,neutral,8960.0,0.0205,0.0205,-0.0488,8778.0,8924.5,0.3405,0.0152,pykrx,,,,,,,,,data/raw/price_017810_20260406_20260804.csv,78,False,Broad evaluation pool candidate,25,False,Broad evaluation pool candidate
011420,2026-08-04,2026-08-04,2026-08-04,2026-08-04,HOLD,neutral,47.34,47.34,47.34,53.2,53.2,0,52.12,-2.0,2,4.78,0.0,0.0,0.0,0.0,0,0,47.34,v2_conservative_ranker,48.5,-3.0,1,11.03,0.0,0.0,0.0,57.53,57.53,v3_stability_ranker,neutral,1468.0,0.023,0.0486,-0.0498,1378.4,1432.25,0.4686,0.0398,pykrx,,,,,,,,,data/raw/price_011420_20260406_20260804.csv,79,False,Broad evaluation pool candidate,37,False,Broad evaluation pool candidate
033310,2026-08-04,2026-08-04,2026-08-04,2026-08-04,HOLD,neutral,47.21,47.21,47.21,53.34,53.34,0,50.76,-2.0,2,3.55,0.0,0.0,0.0,0.0,0,0,47.21,v2_conservative_ranker,48.5,-3.0,1,12.56,0.0,0.0,0.0,59.06,59.06,v3_stability_ranker,neutral,1332.0,0.0176,0.0286,-0.0313,1278.0,1301.35,0.5002,0.0296,pykrx,,,,,,,,,data/raw/price_033310_20260406_20260804.csv,80,False,Broad evaluation pool candidate,34,False,Broad evaluation pool candidate
340360,2026-08-04,2026-08-04,2026-08-04,2026-08-04,HOLD,neutral,47.08,47.08,47.08,60.6,60.6,0,58.97,-2.0,2,9.76,0.0,2.13,0.0,0.0,0,0,47.08,v2_conservative_ranker,57.0,-3.0,1,1.0,0.0,5.81,0.0,50.19,50.19,v3_stability_ranker,price_momentum,806.0,-0.0405,0.0508,0.0254,781.0,769.25,0.3742,0.0813,pykrx,,,,,,,,,data/raw/price_340360_20260406_20260804.csv,81,False,Broad evaluation pool candidate,72,False,Broad evaluation pool candidate
465770,2026-08-04,2026-08-04,2026-08-04,2026-08-04,HOLD,neutral,46.69,46.69,46.69,70.86,70.86,0,63.0,-2.0,2,10.0,0.31,6.0,0.0,0.0,0,0,46.69,v2_conservative_ranker,39.71,-3.0,1,2.0,5.82,10.0,0.0,23.9,23.9,v3_stability_ranker,neutral,2795.0,0.0127,0.1408,0.3568,2823.0,3130.55,0.4626,0.1701,pykrx,,,,,,,,,data/raw/price_465770_20260406_20260804.csv,82,False,Broad evaluation pool candidate,188,False,Broad evaluation pool candidate
010140,2026-08-04,2026-08-04,2026-08-04,2026-08-04,HOLD,neutral,46.68,46.68,46.68,52.71,52.71,0,50.56,0.0,2,5.88,0.0,0.0,0.0,0.0,0,0,46.68,v2_conservative_ranker,44.61,2.0,1,9.65,0.0,0.64,0.0,56.62,56.62,v3_stability_ranker,neutral,21650.0,0.0359,0.0459,-0.0865,20770.0,21595.0,0.8906,0.049,pykrx,,,,,,,,,data/raw/price_010140_20260406_20260804.csv,83,False,Broad evaluation pool candidate,42,False,Broad evaluation pool candidate
378800,2026-08-04,2026-08-04,2026-08-04,2026-08-04,HOLD,neutral,46.62,46.62,46.62,56.18,56.18,0,51.82,1.7,3,6.47,6.43,0.0,0.0,0.0,0,3,46.62,v2_conservative_ranker,44.64,8.0,6,4.91,12.0,1.42,0.0,50.13,50.13,v3_stability_ranker,neutral,491.0,0.1236,0.0582,-0.0857,434.2,497.1,1.3392,0.0539,pykrx,,,,,,,,,data/raw/price_378800_20260406_20260804.csv,84,False,Broad evaluation pool candidate,76,False,Broad evaluation pool candidate
431190,2026-08-04,2026-08-04,2026-08-04,2026-08-04,HOLD,neutral,46.6,46.6,46.6,51.73,51.73,0,51.73,-2.0,2,5.12,0.0,0.0,0.0,0.0,0,0,46.6,v2_conservative_ranker,46.09,-3.0,1,6.59,1.73,0.0,0.0,48.95,48.95,v3_stability_ranker,neutral,2390.0,0.0552,0.046,-0.0535,2199.0,2312.5,0.3454,0.0427,pykrx,,,,,,,,,data/raw/price_431190_20260406_20260804.csv,85,False,Broad evaluation pool candidate,90,False,Broad evaluation pool candidate
010060,2026-08-04,2026-08-04,2026-08-04,2026-08-04,HOLD,neutral,46.46,46.46,46.46,83.7,83.7,0,65.63,3.4,3,10.0,11.16,4.42,0.0,0.0,0,0,46.46,v2_conservative_ranker,44.84,8.0,6,-2.0,22.46,9.47,0.0,24.9,24.9,v3_stability_ranker,price_momentum,225000.0,0.1427,0.2195,0.1324,191540.0,198780.0,1.6807,0.1042,pykrx,,,,,,,,,data/raw/price_010060_20260406_20260804.csv,86,False,Broad evaluation pool candidate,186,False,Broad evaluation pool candidate
290270,2026-08-04,2026-08-04,2026-08-04,2026-08-04,HOLD,neutral,46.41,46.41,46.41,54.93,54.93,0,51.16,-2.0,2,3.74,0.0,0.0,1.0,0.0,0,0,46.41,v2_conservative_ranker,48.5,-3.0,1,12.32,0.0,0.0,1.6,57.22,57.22,v3_stability_ranker,neutral,2705.0,0.0019,0.015,0.0188,2611.0,2638.5,0.6022,0.0312,pykrx,,,,,,1,1,0,data/raw/price_290270_20260406_20260804.csv,87,False,Broad evaluation pool candidate,38,False,Broad evaluation pool candidate
189330,2026-08-04,2026-08-04,2026-08-04,2026-08-04,HOLD,neutral,46.26,46.26,46.26,80.91,80.91,0,64.42,2.52,3,10.0,8.91,4.77,0.0,0.0,0,0,46.26,v2_conservative_ranker,46.8,8.0,6,-2.0,18.79,10.0,0.0,30.02,30.02,v3_stability_ranker,price_momentum,11020.0,0.1723,0.1914,0.0976,9240.0,9839.0,1.5049,0.1077,pykrx,,,,,,,,,data/raw/price_189330_20260406_20260804.csv,88,False,Broad evaluation pool candidate,171,False,Broad evaluation pool candidate
000720,2026-08-04,2026-08-04,2026-08-04,2026-08-04,HOLD,neutral,46.17,46.17,46.17,53.22,53.22,0,52.53,0.0,3,8.38,0.0,0.98,0.0,0.0,0,0,46.17,v2_conservative_ranker,43.22,8.0,6,2.53,2.84,3.97,0.0,52.94,52.94,v3_stability_ranker,neutral,101500.0,0.0617,0.0764,-0.1174,91600.0,98530.0,1.0713,0.0698,pykrx,,,,,,,,,data/raw/price_000720_20260406_20260804.csv,89,False,Broad evaluation pool candidate,60,False,Broad evaluation pool candidate
012160,2026-08-04,2026-08-04,2026-08-04,2026-08-04,HOLD,neutral,45.95,45.95,45.95,69.47,69.47,0,63.22,-2.0,2,8.33,8.0,0.94,0.0,0.0,0,0,45.95,v2_conservative_ranker,43.0,-3.0,1,6.59,10.0,3.9,0.0,33.69,33.69,v3_stability_ranker,price_momentum,2470.0,0.0378,0.0422,0.5342,2390.0,2249.4,0.3643,0.0694,pykrx,,,,,,,,,data/raw/price_012160_20260406_20260804.csv,90,False,Broad evaluation pool candidate,164,False,Broad evaluation pool candidate
055550,2026-08-04,2026-08-04,2026-08-04,2026-08-04,HOLD,neutral,45.88,45.88,45.88,52.07,52.07,0,48.64,-2.0,2,2.76,0.0,0.0,0.0,0.0,0,0,45.88,v2_conservative_ranker,38.25,-3.0,1,13.55,0.0,0.0,0.0,49.8,49.8,v3_stability_ranker,neutral,102300.0,-0.0039,0.0139,-0.0501,100960.0,104515.0,0.5814,0.023,pykrx,,,,,,,,,data/raw/price_055550_20260406_20260804.csv,91,False,Broad evaluation pool candidate,88,False,Broad evaluation pool candidate
001420,2026-08-04,2026-08-04,2026-08-04,2026-08-04,HOLD,neutral,45.87,45.87,45.87,52.25,52.25,0,49.22,0.0,2,5.35,0.0,0.0,0.0,0.0,0,0,45.87,v2_conservative_ranker,48.5,2.0,1,10.31,0.0,0.0,0.0,61.81,61.81,v3_stability_ranker,neutral,2705.0,0.0131,0.0188,-0.0475,2556.0,2800.5,0.8672,0.0446,pykrx,,,,,,,,,data/raw/price_001420_20260406_20260804.csv,92,False,Broad evaluation pool candidate,24,False,Broad evaluation pool candidate
166090,2026-08-04,2026-08-04,2026-08-04,2026-08-04,HOLD,neutral,45.76,45.76,45.76,62.62,62.62,0,56.87,-2.0,2,9.34,0.0,1.78,0.0,0.0,0,0,45.76,v2_conservative_ranker,44.5,-3.0,1,5.33,1.92,5.25,0.0,40.66,40.66,v3_stability_ranker,neutral,54900.0,0.0148,0.1402,-0.0036,50040.0,52527.5,0.7593,0.0778,unknown,하나머티리얼즈,하나머티리얼즈,major_shareholder_change,medium_attention,no_risk_noise,,,,data/raw/price_166090_20260705_20260804.csv,93,False,Broad evaluation pool candidate,130,False,Broad evaluation pool candidate
003490,2026-08-04,2026-08-04,2026-08-04,2026-08-04,HOLD,neutral,45.7,45.7,45.7,51.09,51.09,0,49.14,-2.0,2,3.44,0.0,0.0,0.0,0.0,0,0,45.7,v2_conservative_ranker,44.35,-3.0,1,12.7,0.0,0.0,0.0,55.05,55.05,v3_stability_ranker,neutral,26100.0,-0.0038,0.0337,-0.0922,25530.0,26120.0,0.5332,0.0287,pykrx,,,,,,,,,data/raw/price_003490_20260406_20260804.csv,94,False,Broad evaluation pool candidate,49,False,Broad evaluation pool candidate
005960,2026-08-04,2026-08-04,2026-08-04,2026-08-04,HOLD,neutral,45.21,45.21,45.21,52.11,52.11,0,50.09,-2.0,2,4.88,0.0,0.0,0.0,0.0,0,0,45.21,v2_conservative_ranker,45.03,-3.0,1,6.89,4.23,0.0,0.0,45.69,45.69,v3_stability_ranker,neutral,6580.0,0.0699,0.0379,-0.0771,6144.0,6615.0,0.707,0.0407,pykrx,,,,,,,,,data/raw/price_005960_20260406_20260804.csv,95,False,Broad evaluation pool candidate,107,False,Broad evaluation pool candidate
176750,2026-08-04,2026-08-04,2026-08-04,2026-08-04,HOLD,neutral,45.13,45.13,45.13,58.31,58.31,0,58.23,-2.0,2,10.0,0.0,3.1,0.0,0.0,0,0,45.13,v2_conservative_ranker,54.5,-3.0,1,5.0,0.0,7.36,0.0,50.14,50.14,v3_stability_ranker,neutral,6550.0,0.0015,0.0773,0.043,5988.0,6068.5,0.7387,0.091,pykrx,,,,,,,,,data/raw/price_176750_20260406_20260804.csv,96,False,Broad evaluation pool candidate,75,False,Broad evaluation pool candidate
368970,2026-08-04,2026-08-04,2026-08-04,2026-08-04,HOLD,neutral,45.04,45.04,45.04,50.77,50.77,0,49.43,-2.0,2,4.39,0.0,0.0,0.0,0.0,0,0,45.04,v2_conservative_ranker,45.35,-3.0,1,11.51,0.0,0.0,0.0,54.86,54.86,v3_stability_ranker,neutral,2325.0,0.0288,0.0288,-0.07,2210.0,2261.5,0.5086,0.0366,pykrx,,,,,,,,,data/raw/price_368970_20260406_20260804.csv,97,False,Broad evaluation pool candidate,50,False,Broad evaluation pool candidate
001470,2026-08-04,2026-08-04,2026-08-04,2026-08-04,HOLD,neutral,45.0,45.0,45.0,44.0,44.0,0,45.0,0.0,0,0.0,0.0,0.0,0.0,0.0,0,0,45.0,v2_conservative_ranker,38.0,-5.0,0,17.0,0.0,0.0,0.0,50.0,50.0,v3_stability_ranker,neutral,347.0,0.0,0.0,0.0,347.0,347.0,0.0,0.0,pykrx,,,,,,,,,data/raw/price_001470_20260406_20260804.csv,98,False,Broad evaluation pool candidate,77,False,Broad evaluation pool candidate
023440,2026-08-04,2026-08-04,2026-08-04,2026-08-04,HOLD,neutral,45.0,45.0,45.0,44.0,44.0,0,45.0,0.0,0,0.0,0.0,0.0,0.0,0.0,0,0,45.0,v2_conservative_ranker,38.0,-5.0,0,17.0,0.0,0.0,0.0,50.0,50.0,v3_stability_ranker,neutral,521.0,0.0,0.0,0.0,521.0,521.0,0.0,0.0,pykrx,,,,,,,,,data/raw/price_023440_20260406_20260804.csv,99,False,Broad evaluation pool candidate,78,False,Broad evaluation pool candidate
052770,2026-08-04,2026-08-04,2026-08-04,2026-08-04,HOLD,neutral,45.0,45.0,45.0,44.0,44.0,0,45.0,0.0,0,0.0,0.0,0.0,0.0,0.0,0,0,45.0,v2_conservative_ranker,38.0,-5.0,0,17.0,0.0,0.0,0.0,50.0,50.0,v3_stability_ranker,neutral,312.0,0.0,0.0,0.0,312.0,312.0,0.0,0.0,pykrx,,,,,,,,,data/raw/price_052770_20260406_20260804.csv,100,False,Broad evaluation pool candidate,79,False,Broad evaluation pool candidate
066410,2026-08-04,2026-08-04,2026-08-04,2026-08-04,HOLD,neutral,45.0,45.0,45.0,44.0,44.0,0,45.0,0.0,0,0.0,0.0,0.0,0.0,0.0,0,0,45.0,v2_conservative_ranker,38.0,-5.0,0,17.0,0.0,0.0,0.0,50.0,50.0,v3_stability_ranker,neutral,1153.0,0.0,0.0,0.0,1153.0,1153.0,0.0,0.0,pykrx,,,,,,,,,data/raw/price_066410_20260406_20260804.csv,101,False,Broad evaluation pool candidate,80,False,Broad evaluation pool candidate
066790,2026-08-04,2026-08-04,2026-08-04,2026-08-04,HOLD,neutral,45.0,45.0,45.0,44.0,44.0,0,45.0,0.0,0,0.0,0.0,0.0,0.0,0.0,0,0,45.0,v2_conservative_ranker,38.0,-5.0,0,17.0,0.0,0.0,0.0,50.0,50.0,v3_stability_ranker,neutral,1493.0,0.0,0.0,0.0,1493.0,1493.0,0.0,0.0,pykrx,,,,,,,,,data/raw/price_066790_20260406_20260804.csv,102,False,Broad evaluation pool candidate,81,False,Broad evaluation pool candidate
068240,2026-08-04,2026-08-04,2026-08-04,2026-08-04,HOLD,neutral,45.0,45.0,45.0,44.0,44.0,0,45.0,0.0,0,0.0,0.0,0.0,0.0,0.0,0,0,45.0,v2_conservative_ranker,38.0,-5.0,0,17.0,0.0,0.0,0.0,50.0,50.0,v3_stability_ranker,neutral,2530.0,0.0,0.0,0.0,2530.0,2530.0,0.0,0.0,pykrx,,,,,,,,,data/raw/price_068240_20260406_20260804.csv,103,False,Broad evaluation pool candidate,82,False,Broad evaluation pool candidate
069460,2026-08-04,2026-08-04,2026-08-04,2026-08-04,HOLD,neutral,45.0,45.0,45.0,44.0,44.0,0,45.0,0.0,0,0.0,0.0,0.0,0.0,0.0,0,0,45.0,v2_conservative_ranker,38.0,-5.0,0,17.0,0.0,0.0,0.0,50.0,50.0,v3_stability_ranker,neutral,2660.0,0.0,0.0,0.0,2660.0,2660.0,0.0,0.0,pykrx,,,,,,,,,data/raw/price_069460_20260406_20260804.csv,104,False,Broad evaluation pool candidate,83,False,Broad evaluation pool candidate
183490,2026-08-04,2026-08-04,2026-08-04,2026-08-04,HOLD,neutral,45.0,45.0,45.0,44.0,44.0,0,45.0,0.0,0,0.0,0.0,0.0,0.0,0.0,0,0,45.0,v2_conservative_ranker,38.0,-5.0,0,17.0,0.0,0.0,0.0,50.0,50.0,v3_stability_ranker,neutral,990.0,0.0,0.0,0.0,990.0,990.0,0.0,0.0,pykrx,,,,,,,,,data/raw/price_183490_20260406_20260804.csv,105,False,Broad evaluation pool candidate,84,False,Broad evaluation pool candidate
288330,2026-08-04,2026-08-04,2026-08-04,2026-08-04,HOLD,neutral,45.0,45.0,45.0,44.0,44.0,0,45.0,0.0,0,0.0,0.0,0.0,0.0,0.0,0,0,45.0,v2_conservative_ranker,38.0,-5.0,0,17.0,0.0,0.0,0.0,50.0,50.0,v3_stability_ranker,neutral,416.0,0.0,0.0,0.0,416.0,416.0,0.0,0.0,pykrx,,,,,,,,,data/raw/price_288330_20260406_20260804.csv,106,False,Broad evaluation pool candidate,85,False,Broad evaluation pool candidate
348950,2026-08-04,2026-08-04,2026-08-04,2026-08-04,HOLD,neutral,45.0,45.0,45.0,44.0,44.0,0,45.0,0.0,0,0.0,0.0,0.0,0.0,0.0,0,0,45.0,v2_conservative_ranker,38.0,-5.0,0,17.0,0.0,0.0,0.0,50.0,50.0,v3_stability_ranker,neutral,1182.0,0.0,0.0,0.0,1182.0,1182.0,0.0,0.0,pykrx,,,,,,,,,data/raw/price_348950_20260406_20260804.csv,107,False,Broad evaluation pool candidate,86,False,Broad evaluation pool candidate
380540,2026-08-04,2026-08-04,2026-08-04,2026-08-04,HOLD,neutral,45.0,45.0,45.0,44.0,44.0,0,45.0,0.0,0,0.0,0.0,0.0,0.0,0.0,0,0,45.0,v2_conservative_ranker,38.0,-5.0,0,17.0,0.0,0.0,0.0,50.0,50.0,v3_stability_ranker,neutral,8450.0,0.0,0.0,0.0,8450.0,8450.0,0.0,0.0,pykrx,,,,,,,,,data/raw/price_380540_20260406_20260804.csv,108,False,Broad evaluation pool candidate,87,False,Broad evaluation pool candidate
329180,2026-08-04,2026-08-04,2026-08-04,2026-08-04,HOLD,neutral,44.86,44.86,44.86,49.13,49.13,0,50.1,-2.0,2,5.24,0.0,0.0,0.0,0.0,0,0,44.86,v2_conservative_ranker,42.5,-3.0,1,10.45,0.0,0.0,0.0,50.95,50.95,v3_stability_ranker,neutral,483000.0,0.0266,0.071,-0.1715,463300.0,479525.0,0.4956,0.0437,pykrx,,,,,,,,,data/raw/price_329180_20260406_20260804.csv,109,False,Broad evaluation pool candidate,68,False,Broad evaluation pool candidate
023760,2026-08-04,2026-08-04,2026-08-04,2026-08-04,HOLD,neutral,44.83,44.83,44.83,47.07,47.07,0,46.99,0.0,0,2.16,0.0,0.0,0.0,0.0,0,0,44.83,v2_conservative_ranker,37.14,-5.0,0,14.3,0.0,0.0,0.0,46.44,46.44,v3_stability_ranker,neutral,670.0,0.0,0.006,-0.0746,670.0,693.95,0.0,0.018,pykrx,,,,,,,,,data/raw/price_023760_20260406_20260804.csv,110,False,Broad evaluation pool candidate,103,False,Broad evaluation pool candidate
185750,2026-08-04,2026-08-04,2026-08-04,2026-08-04,HOLD,neutral,44.8,44.8,44.8,47.98,47.98,0,44.19,0.8,3,2.2,0.0,0.0,2.0,0.0,0,1,44.8,v2_conservative_ranker,38.0,8.0,6,14.25,0.0,0.0,3.2,63.05,63.05,v3_stability_ranker,neutral,67500.0,0.0181,0.0,-0.0232,66700.0,67895.0,1.1609,0.0183,pykrx,,,,,,2,2,0,data/raw/price_185750_20260406_20260804.csv,111,False,Broad evaluation pool candidate,21,False,Broad evaluation pool candidate
054220,2026-08-04,2026-08-04,2026-08-04,2026-08-04,HOLD,neutral,44.7,44.7,44.7,50.79,50.79,0,48.88,-2.0,2,4.18,0.0,0.0,0.0,0.0,0,0,44.7,v2_conservative_ranker,40.5,-3.0,1,11.78,0.0,0.0,0.0,50.28,50.28,v3_stability_ranker,neutral,1405.0,0.0218,0.0122,-0.0383,1332.4,1438.2,0.4944,0.0348,pykrx,,,,,,,,,data/raw/price_054220_20260406_20260804.csv,112,False,Broad evaluation pool candidate,71,False,Broad evaluation pool candidate
060900,2026-08-04,2026-08-04,2026-08-04,2026-08-04,HOLD,neutral,44.66,44.66,44.66,50.71,50.71,0,49.42,-2.0,2,4.75,0.0,0.0,0.0,0.0,0,0,44.66,v2_conservative_ranker,40.5,-3.0,1,7.06,0.0,0.0,0.0,45.56,45.56,v3_stability_ranker,neutral,4390.0,0.0428,0.0127,-0.0244,4156.0,4353.75,0.4374,0.0396,pykrx,,,,,,,,,data/raw/price_060900_20260406_20260804.csv,113,False,Broad evaluation pool candidate,108,False,Broad evaluation pool candidate
020560,2026-08-04,2026-08-04,2026-08-04,2026-08-04,HOLD,neutral,44.48,44.48,44.48,48.77,48.77,0,47.44,-2.0,2,2.95,0.0,0.0,0.0,0.0,0,0,44.48,v2_conservative_ranker,44.25,-3.0,1,13.31,0.0,0.0,0.0,55.56,55.56,v3_stability_ranker,neutral,7000.0,-0.0071,0.0174,-0.0944,6880.0,7022.5,0.3677,0.0246,pykrx,,,,,,,,,data/raw/price_020560_20260406_20260804.csv,114,False,Broad evaluation pool candidate,46,False,Broad evaluation pool candidate
011930,2026-08-04,2026-08-04,2026-08-04,2026-08-04,HOLD,neutral,44.39,44.39,44.39,58.3,58.3,0,52.84,0.0,2,8.98,0.0,1.48,0.0,0.0,0,0,44.39,v2_conservative_ranker,39.15,2.0,1,1.78,6.15,4.77,0.0,33.02,33.02,v3_stability_ranker,neutral,15650.0,0.0668,0.1457,-0.1188,13724.0,15252.0,0.8576,0.0748,pykrx,,,,,,,,,data/raw/price_011930_20260406_20260804.csv,115,False,Broad evaluation pool candidate,166,False,Broad evaluation pool candidate
047040,2026-08-04,2026-08-04,2026-08-04,2026-08-04,HOLD,neutral,44.26,44.26,44.26,69.13,69.13,0,55.42,4.62,3,9.16,8.0,1.63,0.0,0.0,0,0,44.26,v2_conservative_ranker,41.0,5.0,6,1.55,13.12,5.01,0.0,35.43,35.43,v3_stability_ranker,price_momentum,15200.0,0.1429,0.1318,-0.1593,12900.0,14936.5,1.9247,0.0763,pykrx,,,,,,,,,data/raw/price_047040_20260406_20260804.csv,116,False,Broad evaluation pool candidate,157,False,Broad evaluation pool candidate
109070,2026-08-04,2026-08-04,2026-08-04,2026-08-04,HOLD,neutral,44.1,44.1,44.1,50.5,50.5,0,53.66,-2.0,2,8.48,0.0,1.07,0.0,0.0,0,0,44.1,v2_conservative_ranker,46.18,-3.0,1,6.39,0.0,4.11,0.0,46.47,46.47,v3_stability_ranker,neutral,1418.0,0.0238,0.0646,-0.0515,1360.2,1396.45,0.2802,0.0707,pykrx,,,,,,,,,data/raw/price_109070_20260406_20260804.csv,117,False,Broad evaluation pool candidate,102,False,Broad evaluation pool candidate
127120,2026-08-04,2026-08-04,2026-08-04,2026-08-04,HOLD,neutral,43.56,43.56,43.56,59.89,59.89,0,51.38,3.36,3,8.28,8.0,0.9,0.0,0.0,0,3,43.56,v2_conservative_ranker,46.12,8.0,6,2.65,12.0,3.84,0.0,46.93,46.93,v3_stability_ranker,price_momentum,32900.0,0.175,0.0217,-0.1084,29510.0,33890.0,1.6727,0.069,pykrx,,,,,,,,,data/raw/price_127120_20260406_20260804.csv,118,False,Broad evaluation pool candidate,99,False,Broad evaluation pool candidate
004780,2026-08-04,2026-08-04,2026-08-04,2026-08-04,HOLD,neutral,43.46,43.46,43.46,55.15,55.15,0,50.21,-2.0,2,1.75,0.0,0.0,5.0,0.0,0,0,43.46,v2_conservative_ranker,46.5,-3.0,1,14.81,0.0,0.0,7.7,51.61,51.61,v3_stability_ranker,neutral,4095.0,0.0161,-0.0073,0.0554,4076.0,3982.5,0.4275,0.0146,pykrx,,,,,,5,3,1,data/raw/price_004780_20260406_20260804.csv,119,False,Broad evaluation pool candidate,66,False,Broad evaluation pool candidate
236810,2026-08-04,2026-08-04,2026-08-04,2026-08-04,HOLD,neutral,43.36,43.36,43.36,82.21,82.21,0,67.0,-2.0,2,8.57,13.93,1.14,0.0,0.0,0,0,43.36,v2_conservative_ranker,31.15,-3.0,1,3.29,29.31,4.22,0.0,0.0,0.0,v3_stability_ranker,price_momentum,1419.0,0.0275,0.2458,0.3871,1249.2,1094.2,0.7251,0.0714,pykrx,,,,,,,,,data/raw/price_236810_20260406_20260804.csv,120,False,Broad evaluation pool candidate,211,False,Broad evaluation pool candidate
216080,2026-08-04,2026-08-04,2026-08-04,2026-08-04,HOLD,neutral,43.28,43.28,43.28,46.36,46.36,0,45.22,0.0,2,3.94,0.0,0.0,0.0,0.0,0,0,43.28,v2_conservative_ranker,42.5,2.0,6,12.08,0.0,0.0,0.0,62.58,62.58,v3_stability_ranker,neutral,4375.0,0.0343,0.0222,-0.2031,4245.0,4411.0,0.9034,0.0328,pykrx,,,,,,,,,data/raw/price_216080_20260406_20260804.csv,121,False,Broad evaluation pool candidate,22,False,Broad evaluation pool candidate
337840,2026-08-04,2026-08-04,2026-08-04,2026-08-04,HOLD,neutral,43.16,43.16,43.16,48.49,48.49,0,46.25,0.0,2,5.09,0.0,0.0,0.0,0.0,0,0,43.16,v2_conservative_ranker,35.51,2.0,1,10.64,0.0,0.0,0.0,49.15,49.15,v3_stability_ranker,neutral,6250.0,0.028,0.0113,-0.111,6140.0,6282.0,0.859,0.0424,pykrx,,,,,,,,,data/raw/price_337840_20260406_20260804.csv,122,False,Broad evaluation pool candidate,89,False,Broad evaluation pool candidate
217730,2026-08-04,2026-08-04,2026-08-04,2026-08-04,HOLD,neutral,43.07,43.07,43.07,51.02,51.02,0,51.0,-2.0,2,7.6,0.0,0.33,0.0,0.0,0,0,43.07,v2_conservative_ranker,38.5,-3.0,1,7.51,0.35,2.93,0.0,40.73,40.73,v3_stability_ranker,neutral,2190.0,0.0379,0.1237,-0.2007,2154.0,2267.7,0.4964,0.0633,pykrx,,,,,,,,,data/raw/price_217730_20260406_20260804.csv,123,False,Broad evaluation pool candidate,129,False,Broad evaluation pool candidate
036530,2026-08-04,2026-08-04,2026-08-04,2026-08-04,HOLD,neutral,43.06,43.06,43.06,47.19,47.19,0,46.41,-2.0,2,3.35,0.0,0.0,0.0,0.0,0,0,43.06,v2_conservative_ranker,36.5,-3.0,1,12.81,0.0,0.0,0.0,47.32,47.32,v3_stability_ranker,neutral,48200.0,0.0223,0.0052,-0.0888,48610.0,49542.5,0.3167,0.0279,pykrx,,,,,,,,,data/raw/price_036530_20260406_20260804.csv,124,False,Broad evaluation pool candidate,98,False,Broad evaluation pool candidate
002780,2026-08-04,2026-08-04,2026-08-04,2026-08-04,HOLD,neutral,43.02,43.02,43.02,44.91,44.91,0,48.76,-2.0,2,5.74,0.0,0.0,0.0,0.0,0,0,43.02,v2_conservative_ranker,42.5,-3.0,1,5.83,0.0,0.45,0.0,45.88,45.88,v3_stability_ranker,neutral,790.0,0.0436,0.0576,-0.2617,758.8,792.75,0.3216,0.0478,pykrx,,,,,,,,,data/raw/price_002780_20260406_20260804.csv,125,False,Broad evaluation pool candidate,106,False,Broad evaluation pool candidate
200230,2026-08-04,2026-08-04,2026-08-04,2026-08-04,HOLD,neutral,42.79,42.79,42.79,46.75,46.75,0,51.0,-2.0,2,7.75,0.0,0.46,0.0,0.0,0,0,42.79,v2_conservative_ranker,42.5,-3.0,1,7.31,0.0,3.14,0.0,44.67,44.67,v3_stability_ranker,neutral,2175.0,0.0235,0.0963,-0.2004,2037.0,2093.45,0.2626,0.0646,pykrx,,,,,,,,,data/raw/price_200230_20260406_20260804.csv,126,False,Broad evaluation pool candidate,110,False,Broad evaluation pool candidate
104460,2026-08-04,2026-08-04,2026-08-04,2026-08-04,HOLD,neutral,42.66,42.66,42.66,48.34,48.34,0,45.72,-2.0,2,3.06,0.0,0.0,0.0,0.0,0,0,42.66,v2_conservative_ranker,35.67,-3.0,1,13.18,0.0,0.0,0.0,46.84,46.84,v3_stability_ranker,neutral,8390.0,0.0108,0.0048,-0.1074,8132.0,8638.0,0.6308,0.0255,pykrx,,,,,,,,,data/raw/price_104460_20260406_20260804.csv,127,False,Broad evaluation pool candidate,100,False,Broad evaluation pool candidate
419540,2026-08-04,2026-08-04,2026-08-04,2026-08-04,HOLD,neutral,42.65,42.65,42.65,59.89,59.89,0,53.46,-2.0,2,6.29,4.52,0.0,0.0,0.0,0,0,42.65,v2_conservative_ranker,30.6,-3.0,1,5.14,11.07,1.18,0.0,21.48,21.48,v3_stability_ranker,neutral,2980.0,0.042,0.2365,-0.1011,2698.0,2944.5,0.5311,0.0524,pykrx,,,,,,,,,data/raw/price_419540_20260406_20260804.csv,128,False,Broad evaluation pool candidate,193,False,Broad evaluation pool candidate
001260,2026-08-04,2026-08-04,2026-08-04,2026-08-04,HOLD,neutral,42.59,42.59,42.59,44.1,44.1,0,49.0,-2.0,2,6.41,0.0,0.0,0.0,0.0,0,0,42.59,v2_conservative_ranker,42.5,-3.0,1,4.99,0.0,1.34,0.0,44.15,44.15,v3_stability_ranker,neutral,7420.0,0.0436,0.06,-0.3754,7052.0,8119.5,0.2398,0.0534,pykrx,,,,,,,,,data/raw/price_001260_20260406_20260804.csv,129,False,Broad evaluation pool candidate,111,False,Broad evaluation pool candidate
087260,2026-08-04,2026-08-04,2026-08-04,2026-08-04,HOLD,neutral,42.31,42.31,42.31,42.83,42.83,0,46.79,0.0,0,4.48,0.0,0.0,0.0,0.0,0,0,42.31,v2_conservative_ranker,44.0,-5.0,0,11.41,0.0,0.0,0.0,50.41,50.41,v3_stability_ranker,neutral,247.0,0.0,0.0,0.0511,247.0,251.55,0.0,0.0373,pykrx,,,,,,,,,data/raw/price_087260_20260406_20260804.csv,130,False,Broad evaluation pool candidate,70,False,Broad evaluation pool candidate
061040,2026-08-04,2026-08-04,2026-08-04,2026-08-04,HOLD,neutral,42.07,42.07,42.07,43.21,43.21,0,45.5,-2.0,2,3.43,0.0,0.0,0.0,0.0,0,0,42.07,v2_conservative_ranker,42.5,-3.0,1,12.71,0.0,0.0,0.0,53.21,53.21,v3_stability_ranker,neutral,6160.0,0.0,0.025,-0.256,6058.0,6637.0,0.2613,0.0286,pykrx,,,,,,,,,data/raw/price_061040_20260406_20260804.csv,131,False,Broad evaluation pool candidate,59,False,Broad evaluation pool candidate
011000,2026-08-04,2026-08-04,2026-08-04,2026-08-04,HOLD,neutral,42.0,42.0,42.0,53.0,60.0,-7,53.0,0.0,0,0.0,0.0,0.0,0.0,9.0,2,0,42.0,v2_conservative_ranker,43.0,-5.0,0,17.0,0.0,0.0,17.6,37.4,37.4,v3_stability_ranker,price_momentum,2670.0,0.0,0.0,0.0,2670.0,2670.0,0.0,0.0,unknown,진원생명과학,진원생명과학,lawsuit,low_attention,high_risk_noise,,,,data/raw/price_011000_20260705_20260804.csv,132,False,Broad evaluation pool candidate,146,False,Broad evaluation pool candidate
191410,2026-08-04,2026-08-04,2026-08-04,2026-08-04,HOLD,neutral,41.89,41.89,41.89,65.89,65.89,0,60.22,0.0,2,10.0,6.94,3.39,0.0,0.0,0,0,41.89,v2_conservative_ranker,50.5,2.0,1,1.0,12.12,7.82,0.0,34.55,34.55,v3_stability_ranker,neutral,1377.0,0.1278,0.1213,0.092,1256.0,1314.25,0.8601,0.0939,pykrx,,,,,,,,,data/raw/price_191410_20260406_20260804.csv,133,False,Broad evaluation pool candidate,162,False,Broad evaluation pool candidate
114190,2026-08-04,2026-08-04,2026-08-04,2026-08-04,HOLD,neutral,41.75,41.75,41.75,48.91,48.91,0,50.52,-2.0,2,7.93,0.23,0.61,0.0,0.0,0,0,41.75,v2_conservative_ranker,42.5,-3.0,1,3.08,4.57,3.38,0.0,35.64,35.64,v3_stability_ranker,neutral,7900.0,0.0719,0.0748,-0.1702,7128.0,8015.0,0.7581,0.0661,pykrx,,,,,,,,,data/raw/price_114190_20260406_20260804.csv,134,False,Broad evaluation pool candidate,155,False,Broad evaluation pool candidate
159910,2026-08-04,2026-08-04,2026-08-04,2026-08-04,HOLD,neutral,41.74,41.74,41.74,44.39,44.39,0,46.77,-2.0,2,5.03,0.0,0.0,0.0,0.0,0,0,41.74,v2_conservative_ranker,44.0,-3.0,1,10.71,0.0,0.0,0.0,52.72,52.72,v3_stability_ranker,neutral,3165.0,-0.0047,-0.0078,0.0729,3148.0,3151.0,0.2855,0.0419,pykrx,,,,,,,,,data/raw/price_159910_20260406_20260804.csv,135,False,Broad evaluation pool candidate,61,False,Broad evaluation pool candidate
025950,2026-08-04,2026-08-04,2026-08-04,2026-08-04,HOLD,neutral,41.67,41.67,41.67,43.1,43.1,0,48.31,-2.0,2,6.64,0.0,0.0,0.0,0.0,0,0,41.67,v2_conservative_ranker,42.5,-3.0,1,8.71,0.0,1.65,0.0,47.56,47.56,v3_stability_ranker,neutral,10310.0,0.0372,0.0531,-0.3683,9686.0,11201.0,0.2202,0.0553,pykrx,,,,,,,,,data/raw/price_025950_20260406_20260804.csv,136,False,Broad evaluation pool candidate,95,False,Broad evaluation pool candidate
223310,2026-08-04,2026-08-04,2026-08-04,2026-08-04,HOLD,neutral,41.63,41.63,41.63,48.71,55.71,-7,51.29,0.0,3,5.96,0.0,0.0,0.0,4.7,2,0,41.63,v2_conservative_ranker,48.5,8.0,6,9.54,0.0,0.75,9.2,62.09,62.09,v3_stability_ranker,neutral,4100.0,0.025,0.0212,0.0049,3984.0,4091.25,1.0521,0.0497,unknown,사토시홀딩스,사토시홀딩스,convertible_bond,low_attention,risk_noise_detected,,,,data/raw/price_223310_20260705_20260804.csv,137,False,Broad evaluation pool candidate,23,False,Broad evaluation pool candidate
013720,2026-08-04,2026-08-04,2026-08-04,2026-08-04,HOLD,neutral,41.51,41.51,41.51,64.62,64.62,0,56.46,-2.0,2,7.44,7.31,0.2,0.0,0.0,0,0,41.51,v2_conservative_ranker,32.7,-3.0,1,3.7,15.19,2.72,0.0,16.49,16.49,v3_stability_ranker,neutral,2225.0,0.052,0.2714,-0.0155,1986.2,2066.2,0.7659,0.062,pykrx,,,,,,,,,data/raw/price_013720_20260406_20260804.csv,138,False,Broad evaluation pool candidate,202,False,Broad evaluation pool candidate
348340,2026-08-04,2026-08-04,2026-08-04,2026-08-04,HOLD,neutral,41.43,41.43,41.43,84.83,81.83,3,58.19,3.0,3,8.58,12.62,2.56,0.0,0.0,0,1,41.43,v2_conservative_ranker,33.95,-2.07,4,2.28,23.18,18.61,0.0,0.0,0.0,v3_stability_ranker,price_momentum,31500.0,0.1372,0.2377,-0.0803,26460.0,29022.5,3.1405,0.0715,unknown,뉴로메카,뉴로메카,bonus_issue,low_attention,no_risk_noise,,,,data/raw/price_348340_20260705_20260804.csv,139,False,Broad evaluation pool candidate,212,False,Broad evaluation pool candidate
078350,2026-08-04,2026-08-04,2026-08-04,2026-08-04,HOLD,neutral,41.1,41.1,41.1,53.2,53.2,0,54.07,-2.0,2,10.0,0.0,2.97,0.0,0.0,0,0,41.1,v2_conservative_ranker,44.73,-3.0,1,5.0,0.0,7.15,0.0,40.58,40.58,v3_stability_ranker,neutral,18920.0,0.0299,0.0905,-0.0838,16994.0,19482.5,0.7227,0.0897,pykrx,,,,,,,,,data/raw/price_078350_20260406_20260804.csv,140,False,Broad evaluation pool candidate,131,False,Broad evaluation pool candidate
321370,2026-08-04,2026-08-04,2026-08-04,2026-08-04,HOLD,neutral,41.09,41.09,41.09,49.68,49.68,0,51.0,-2.0,2,8.68,0.0,1.23,0.0,0.0,0,0,41.09,v2_conservative_ranker,38.5,-3.0,1,2.15,1.89,4.37,0.0,32.4,32.4,v3_stability_ranker,neutral,1298.0,0.0561,0.1113,-0.2988,1148.2,1353.85,0.6308,0.0723,pykrx,,,,,,,,,data/raw/price_321370_20260406_20260804.csv,141,False,Broad evaluation pool candidate,169,False,Broad evaluation pool candidate
199290,2026-08-04,2026-08-04,2026-08-04,2026-08-04,HOLD,neutral,40.71,40.71,40.71,54.67,54.67,0,55.56,-2.0,2,10.0,0.0,4.85,0.0,0.0,0,0,40.71,v2_conservative_ranker,51.0,-3.0,1,5.0,0.0,10.0,0.0,44.0,44.0,v3_stability_ranker,price_momentum,400.0,0.0283,0.0256,0.0,383.8,365.0,0.0188,0.1085,pykrx,,,,,,,,,data/raw/price_199290_20260406_20260804.csv,142,False,Broad evaluation pool candidate,112,False,Broad evaluation pool candidate
064350,2026-08-04,2026-08-04,2026-08-04,2026-08-04,HOLD,neutral,40.44,40.44,40.44,53.2,53.2,0,51.0,-2.0,2,8.47,1.03,1.06,0.0,0.0,0,0,40.44,v2_conservative_ranker,38.5,-3.0,1,2.41,7.72,4.1,0.0,27.1,27.1,v3_stability_ranker,neutral,139900.0,0.0786,0.1411,-0.2851,128780.0,151855.0,0.6917,0.0706,pykrx,,,,,,,,,data/raw/price_064350_20260406_20260804.csv,143,False,Broad evaluation pool candidate,184,False,Broad evaluation pool candidate
297570,2026-08-04,2026-08-04,2026-08-04,2026-08-04,HOLD,neutral,40.13,40.13,40.13,41.21,41.21,0,45.01,-2.0,2,4.88,0.0,0.0,0.0,0.0,0,0,40.13,v2_conservative_ranker,42.5,-3.0,1,7.89,0.0,0.0,0.0,48.39,48.39,v3_stability_ranker,neutral,811.0,0.0253,0.0201,-0.2726,799.2,965.25,0.2111,0.0407,pykrx,,,,,,,,,data/raw/price_297570_20260406_20260804.csv,144,False,Broad evaluation pool candidate,94,False,Broad evaluation pool candidate
004990,2026-08-04,2026-08-04,2026-08-04,2026-08-04,AVOID,negative,39.93,39.93,39.93,43.01,43.01,0,42.89,-2.0,2,2.96,0.0,0.0,0.0,0.0,0,0,39.93,v2_conservative_ranker,35.29,-3.0,1,13.29,0.0,0.0,0.0,46.59,46.59,v3_stability_ranker,neutral,22650.0,0.0112,0.0,-0.0602,22270.0,22887.5,0.7481,0.0247,pykrx,,,,,,,,,data/raw/price_004990_20260406_20260804.csv,145,False,Broad evaluation pool candidate,101,False,Broad evaluation pool candidate
071950,2026-08-04,2026-08-04,2026-08-04,2026-08-04,AVOID,negative,39.91,39.91,39.91,73.28,73.28,0,62.18,0.73,3,10.0,10.0,6.0,0.0,0.0,0,0,39.91,v2_conservative_ranker,36.5,8.0,6,2.0,14.0,10.0,0.0,28.5,28.5,v3_stability_ranker,neutral,2055.0,0.0074,0.3654,0.148,1756.0,1853.25,1.1469,0.1305,pykrx,,,,,,,,,data/raw/price_071950_20260406_20260804.csv,146,False,Broad evaluation pool candidate,176,False,Broad evaluation pool candidate
402490,2026-08-04,2026-08-04,2026-08-04,2026-08-04,AVOID,negative,39.86,39.86,39.86,47.57,47.57,0,51.0,-2.0,2,9.35,0.0,1.79,0.0,0.0,0,0,39.86,v2_conservative_ranker,42.5,-3.0,1,1.32,0.15,5.26,0.0,36.4,36.4,v3_stability_ranker,neutral,6610.0,0.0459,0.0944,-0.1929,5946.0,6832.0,0.5934,0.0779,pykrx,,,,,,,,,data/raw/price_402490_20260406_20260804.csv,147,False,Broad evaluation pool candidate,151,False,Broad evaluation pool candidate
351320,2026-08-04,2026-08-04,2026-08-04,2026-08-04,AVOID,negative,39.82,39.82,39.82,51.54,52.54,-1,51.18,-2.0,2,4.26,0.0,0.0,0.0,8.1,0,1,39.82,v2_conservative_ranker,45.28,-3.0,1,7.68,1.68,0.0,12.4,36.87,36.87,v3_stability_ranker,neutral,960.0,0.0549,0.0469,-0.0716,910.2,968.55,0.4963,0.0355,unknown,넥사다이내믹스,넥사다이내믹스,supply_contract,medium_attention,risk_noise_detected,,,,data/raw/price_351320_20260705_20260804.csv,148,False,Broad evaluation pool candidate,149,False,Broad evaluation pool candidate
005940,2026-08-04,2026-08-04,2026-08-04,2026-08-04,AVOID,negative,39.73,39.73,39.73,44.08,44.08,0,44.72,-2.0,2,4.99,0.0,0.0,0.0,0.0,0,0,39.73,v2_conservative_ranker,34.5,-3.0,1,10.76,0.0,0.0,0.0,43.26,43.26,v3_stability_ranker,neutral,27850.0,0.0091,0.0127,-0.1586,27300.0,29350.0,0.4833,0.0416,pykrx,,,,,,,,,data/raw/price_005940_20260406_20260804.csv,149,False,Broad evaluation pool candidate,117,False,Broad evaluation pool candidate
032800,2026-08-04,2026-08-04,2026-08-04,2026-08-04,AVOID,negative,39.72,39.72,39.72,42.39,42.39,0,47.05,-2.0,2,7.27,0.0,0.06,0.0,0.0,0,0,39.72,v2_conservative_ranker,42.5,-3.0,1,7.91,0.0,2.5,0.0,45.91,45.91,v3_stability_ranker,neutral,1617.0,0.0379,0.0405,-0.2093,1521.8,1533.8,0.3998,0.0606,pykrx,,,,,,,,,data/raw/price_032800_20260406_20260804.csv,150,False,Broad evaluation pool candidate,105,False,Broad evaluation pool candidate
066430,2026-08-04,2026-08-04,2026-08-04,2026-08-04,AVOID,negative,39.51,39.51,39.51,60.46,60.46,0,55.47,-2.0,2,10.0,2.39,3.57,0.0,0.0,0,0,39.51,v2_conservative_ranker,37.01,-3.0,1,1.0,8.54,8.11,0.0,19.35,19.35,v3_stability_ranker,neutral,2190.0,0.0404,0.2099,-0.0437,2046.4,2056.0,0.608,0.0957,pykrx,,,,,,,,,data/raw/price_066430_20260406_20260804.csv,151,False,Broad evaluation pool candidate,196,False,Broad evaluation pool candidate
088790,2026-08-04,2026-08-04,2026-08-04,2026-08-04,AVOID,negative,39.38,39.38,39.38,41.17,41.17,0,42.83,-2.0,2,3.44,0.0,0.0,0.0,0.0,0,0,39.38,v2_conservative_ranker,38.0,-3.0,1,12.7,0.0,0.0,0.0,48.7,48.7,v3_stability_ranker,neutral,2305.0,0.011,-0.0107,-0.0315,2245.0,2395.0,0.4472,0.0287,pykrx,,,,,,,,,data/raw/price_088790_20260406_20260804.csv,152,False,Broad evaluation pool candidate,92,False,Broad evaluation pool candidate
028260,2026-08-04,2026-08-04,2026-08-04,2026-08-04,AVOID,negative,39.34,39.34,39.34,45.38,45.38,0,48.74,-2.0,2,8.4,0.0,1.0,0.0,0.0,0,0,39.34,v2_conservative_ranker,42.5,-3.0,1,6.5,0.0,4.0,0.0,43.0,43.0,v3_stability_ranker,neutral,322500.0,-0.0198,0.0574,-0.2825,316500.0,348075.0,0.7734,0.07,pykrx,,,,,,,,,data/raw/price_028260_20260406_20260804.csv,153,False,Broad evaluation pool candidate,118,False,Broad evaluation pool candidate
187870,2026-08-04,2026-08-04,2026-08-04,2026-08-04,AVOID,negative,39.21,39.21,39.21,50.39,50.39,0,51.33,-2.0,2,9.89,0.0,2.24,0.0,0.0,0,0,39.21,v2_conservative_ranker,38.5,-3.0,1,5.0,0.0,5.98,0.0,35.52,35.52,v3_stability_ranker,neutral,11230.0,0.0209,0.1064,-0.1619,10458.0,12136.0,0.641,0.0824,pykrx,,,,,,,,,data/raw/price_187870_20260406_20260804.csv,154,False,Broad evaluation pool candidate,156,False,Broad evaluation pool candidate
468530,2026-08-04,2026-08-04,2026-08-04,2026-08-04,AVOID,negative,38.73,38.73,38.73,61.33,61.33,0,53.39,1.24,3,10.0,5.29,3.61,0.0,0.0,0,0,38.73,v2_conservative_ranker,31.37,8.0,6,1.0,16.64,8.18,0.0,21.56,21.56,v3_stability_ranker,neutral,23050.0,0.0847,0.2241,-0.1031,19018.0,21806.0,1.2473,0.0961,pykrx,,,,,,,,,data/raw/price_468530_20260406_20260804.csv,155,False,Broad evaluation pool candidate,192,False,Broad evaluation pool candidate
061970,2026-08-04,2026-08-04,2026-08-04,2026-08-04,AVOID,negative,38.69,38.69,38.69,48.76,48.76,0,41.71,5.17,3,8.15,2.26,0.79,0.0,0.0,0,0,38.69,v2_conservative_ranker,33.12,5.0,6,2.81,7.45,3.66,0.0,35.83,35.83,v3_stability_ranker,neutral,3740.0,0.0888,-0.041,-0.0911,3367.0,3883.75,2.0349,0.0679,pykrx,,,,,,,,,data/raw/price_061970_20260406_20260804.csv,156,False,Broad evaluation pool candidate,153,False,Broad evaluation pool candidate
043260,2026-08-04,2026-08-04,2026-08-04,2026-08-04,AVOID,negative,38.45,38.45,38.45,51.68,51.68,0,51.0,0.0,2,10.0,0.0,4.55,0.0,0.0,0,0,38.45,v2_conservative_ranker,38.5,2.0,6,1.0,2.41,9.68,0.0,35.41,35.41,v3_stability_ranker,neutral,16810.0,0.0592,0.1192,-0.2089,14514.0,17446.0,0.9605,0.1055,pykrx,,,,,,,,,data/raw/price_043260_20260406_20260804.csv,157,False,Broad evaluation pool candidate,158,False,Broad evaluation pool candidate
062970,2026-08-04,2026-08-04,2026-08-04,2026-08-04,AVOID,negative,38.45,38.45,38.45,43.02,43.02,0,47.5,0.0,0,8.21,0.0,0.84,0.0,0.0,0,0,38.45,v2_conservative_ranker,40.5,-5.0,0,6.74,0.0,3.74,0.0,38.5,38.5,v3_stability_ranker,neutral,1162.0,0.0,0.0,-0.0428,1162.0,1141.95,0.0,0.0684,pykrx,,,,,,,,,data/raw/price_062970_20260406_20260804.csv,158,False,Broad evaluation pool candidate,141,False,Broad evaluation pool candidate
002020,2026-08-04,2026-08-04,2026-08-04,2026-08-04,AVOID,negative,38.34,38.34,38.34,46.09,46.09,0,51.0,-2.0,2,10.0,0.0,2.66,0.0,0.0,0,0,38.34,v2_conservative_ranker,42.5,-3.0,1,-2.0,1.92,6.66,0.0,29.92,29.92,v3_stability_ranker,neutral,25350.0,0.0563,0.0903,-0.4583,23120.0,31342.5,0.5099,0.0866,pykrx,,,,,,,,,data/raw/price_002020_20260406_20260804.csv,159,False,Broad evaluation pool candidate,172,False,Broad evaluation pool candidate
210120,2026-08-04,2026-08-04,2026-08-04,2026-08-04,AVOID,negative,38.3,38.3,38.3,37.0,44.0,-7,45.0,0.0,0,0.0,0.0,0.0,0.0,4.7,2,0,38.3,v2_conservative_ranker,38.0,-5.0,0,17.0,0.0,0.0,9.2,40.8,40.8,v3_stability_ranker,neutral,930.0,0.0,0.0,0.0,930.0,930.0,0.0,0.0,unknown,캔버스엔,캔버스엔,paid_in_capital_increase,low_attention,risk_noise_detected,,,,data/raw/price_210120_20260705_20260804.csv,160,False,Broad evaluation pool candidate,126,False,Broad evaluation pool candidate
065770,2026-08-04,2026-08-04,2026-08-04,2026-08-04,AVOID,negative,37.9,37.9,37.9,47.06,47.06,0,52.58,-2.0,2,10.0,0.0,4.68,0.0,0.0,0,0,37.9,v2_conservative_ranker,45.26,-3.0,1,1.0,1.48,9.89,0.0,32.89,32.89,v3_stability_ranker,neutral,1531.0,0.0537,0.061,-0.0721,1424.4,1627.75,0.0938,0.1068,pykrx,,,,,,,,,data/raw/price_065770_20260406_20260804.csv,161,False,Broad evaluation pool candidate,167,False,Broad evaluation pool candidate
420770,2026-08-04,2026-08-04,2026-08-04,2026-08-04,AVOID,negative,37.83,37.83,37.83,52.76,52.76,0,51.0,-2.0,2,10.0,0.0,3.17,0.0,0.0,0,0,37.83,v2_conservative_ranker,38.5,-3.0,1,2.0,2.66,7.47,0.0,28.37,28.37,v3_stability_ranker,neutral,114800.0,-0.0129,0.148,-0.2422,102160.0,131800.0,0.6608,0.0917,pykrx,,,,,,,,,data/raw/price_420770_20260406_20260804.csv,162,False,Broad evaluation pool candidate,177,False,Broad evaluation pool candidate
234300,2026-08-04,2026-08-04,2026-08-04,2026-08-04,AVOID,negative,37.75,37.75,37.75,39.68,39.68,0,39.29,0.0,2,3.54,0.0,0.0,0.0,0.0,0,0,37.75,v2_conservative_ranker,34.58,2.0,1,12.57,0.0,0.0,0.0,50.16,50.16,v3_stability_ranker,neutral,2690.0,0.017,-0.0427,-0.041,2657.0,2800.5,0.825,0.0295,pykrx,,,,,,,,,data/raw/price_234300_20260406_20260804.csv,163,False,Broad evaluation pool candidate,73,False,Broad evaluation pool candidate
322780,2026-08-04,2026-08-04,2026-08-04,2026-08-04,AVOID,negative,37.74,37.74,37.74,51.07,51.07,0,51.04,-2.0,2,10.0,0.0,3.3,0.0,0.0,0,0,37.74,v2_conservative_ranker,46.46,-3.0,1,5.0,0.0,7.68,0.0,41.78,41.78,v3_stability_ranker,price_momentum,2005.0,-0.005,0.0157,-0.1009,2024.0,2007.6,0.4237,0.093,pykrx,,,,,,,,,data/raw/price_322780_20260406_20260804.csv,164,False,Broad evaluation pool candidate,124,False,Broad evaluation pool candidate
003070,2026-08-04,2026-08-04,2026-08-04,2026-08-04,AVOID,negative,37.62,37.62,37.62,37.28,37.28,0,40.84,-2.0,2,3.23,0.0,0.0,0.0,0.0,0,0,37.62,v2_conservative_ranker,32.95,-3.0,1,12.96,0.0,0.0,0.0,43.92,43.92,v3_stability_ranker,neutral,8700.0,0.0235,-0.0023,-0.1122,8376.0,8892.0,0.3021,0.0269,pykrx,,,,,,,,,data/raw/price_003070_20260406_20260804.csv,165,False,Broad evaluation pool candidate,113,False,Broad evaluation pool candidate
031860,2026-08-04,2026-08-04,2026-08-04,2026-08-04,AVOID,negative,37.6,37.6,37.6,37.0,44.0,-7,45.0,0.0,0,0.0,0.0,0.0,0.0,5.4,2,0,37.6,v2_conservative_ranker,38.0,-5.0,0,17.0,0.0,0.0,10.2,39.8,39.8,v3_stability_ranker,neutral,693.0,0.0,0.0,0.0,693.0,693.0,0.0,0.0,unknown,디에이치엑스컴퍼니,디에이치엑스컴퍼니,disclosure_violation,medium_attention,risk_noise_detected,,,,data/raw/price_031860_20260705_20260804.csv,166,False,Broad evaluation pool candidate,136,False,Broad evaluation pool candidate
018700,2026-08-04,2026-08-04,2026-08-04,2026-08-04,AVOID,negative,37.57,37.57,37.57,51.36,51.36,0,51.65,-2.0,2,10.0,0.0,4.08,0.0,0.0,0,0,37.57,v2_conservative_ranker,35.54,-3.0,1,5.0,0.25,8.93,0.0,29.36,29.36,v3_stability_ranker,neutral,1384.0,0.0014,-0.0335,0.2851,1370.0,1305.0,0.1179,0.1008,pykrx,,,,,,,,,data/raw/price_018700_20260406_20260804.csv,167,False,Broad evaluation pool candidate,174,False,Broad evaluation pool candidate
006220,2026-08-04,2026-08-04,2026-08-04,2026-08-04,AVOID,negative,37.34,37.34,37.34,38.06,38.06,0,42.2,-2.0,2,4.86,0.0,0.0,0.0,0.0,0,0,37.34,v2_conservative_ranker,34.97,-3.0,1,10.93,0.0,0.0,0.0,43.9,43.9,v3_stability_ranker,neutral,9010.0,0.0078,-0.0044,-0.0673,8680.0,9281.0,0.3196,0.0405,pykrx,,,,,,,,,data/raw/price_006220_20260406_20260804.csv,168,False,Broad evaluation pool candidate,114,False,Broad evaluation pool candidate
440110,2026-08-04,2026-08-04,2026-08-04,2026-08-04,AVOID,negative,37.26,37.26,37.26,50.22,50.22,0,51.84,-2.0,2,10.0,0.0,4.58,0.0,0.0,0,0,37.26,v2_conservative_ranker,42.5,-3.0,1,5.0,0.0,9.73,0.0,35.77,35.77,v3_stability_ranker,neutral,61900.0,-0.0221,0.0995,-0.1474,57540.0,67110.0,0.606,0.1058,pykrx,,,,,,,,,data/raw/price_440110_20260406_20260804.csv,169,False,Broad evaluation pool candidate,154,False,Broad evaluation pool candidate
009150,2026-08-04,2026-08-04,2026-08-04,2026-08-04,AVOID,negative,37.23,37.23,37.23,46.39,46.39,0,49.37,0.0,3,10.0,0.0,5.14,0.0,0.0,0,0,37.23,v2_conservative_ranker,42.5,2.0,6,5.0,0.0,10.0,0.0,45.5,45.5,v3_stability_ranker,neutral,1185000.0,0.0034,0.0637,-0.3518,1083200.0,1300100.0,1.004,0.1114,pykrx,,,,,,,,,data/raw/price_009150_20260406_20260804.csv,170,False,Broad evaluation pool candidate,109,False,Broad evaluation pool candidate
010960,2026-08-04,2026-08-04,2026-08-04,2026-08-04,AVOID,negative,36.88,36.88,36.88,37.55,37.55,0,43.17,-2.0,2,6.29,0.0,0.0,0.0,0.0,0,0,36.88,v2_conservative_ranker,34.5,-3.0,1,6.14,0.0,1.18,0.0,37.46,37.46,v3_stability_ranker,neutral,3015.0,0.0397,0.0017,-0.3037,2933.0,3403.5,0.1034,0.0524,pykrx,,,,,,,,,data/raw/price_010960_20260406_20260804.csv,171,False,Broad evaluation pool candidate,145,False,Broad evaluation pool candidate
950160,2026-08-04,2026-08-04,2026-08-04,2026-08-04,AVOID,negative,36.66,36.66,36.66,50.49,50.49,0,51.0,0.96,3,10.0,5.29,6.0,0.0,0.0,0,3,36.66,v2_conservative_ranker,42.5,8.0,6,-2.0,11.75,10.0,0.0,32.75,32.75,v3_stability_ranker,neutral,15920.0,0.1141,0.0934,-0.8197,13616.0,45847.5,1.1912,0.1456,pykrx,,,,,,,,,data/raw/price_950160_20260406_20260804.csv,172,False,Broad evaluation pool candidate,168,False,Broad evaluation pool candidate
226330,2026-08-04,2026-08-04,2026-08-04,2026-08-04,AVOID,negative,36.49,36.49,36.49,49.43,49.43,0,52.13,-2.0,2,10.0,0.0,5.64,0.0,0.0,0,0,36.49,v2_conservative_ranker,48.5,-3.0,1,1.0,0.36,10.0,0.0,37.14,37.14,v3_stability_ranker,neutral,1600.0,0.0471,0.0356,-0.0123,1463.8,1529.55,0.4143,0.1164,pykrx,,,,,,,,,data/raw/price_226330_20260406_20260804.csv,173,False,Broad evaluation pool candidate,148,False,Broad evaluation pool candidate
115160,2026-08-04,2026-08-04,2026-08-04,2026-08-04,AVOID,negative,36.48,36.48,36.48,38.92,38.92,0,37.1,2.3,3,5.92,0.0,0.0,0.0,0.0,0,0,36.48,v2_conservative_ranker,30.54,8.0,6,9.61,0.0,0.69,0.0,53.46,53.46,v3_stability_ranker,neutral,5440.0,0.0303,-0.0556,-0.0669,5274.0,5824.5,1.4593,0.0493,pykrx,,,,,,,,,data/raw/price_115160_20260406_20260804.csv,174,False,Broad evaluation pool candidate,58,False,Broad evaluation pool candidate
215380,2026-08-04,2026-08-04,2026-08-04,2026-08-04,AVOID,negative,36.31,36.31,36.31,36.23,36.23,0,41.1,-2.0,2,4.79,0.0,0.0,0.0,0.0,0,0,36.31,v2_conservative_ranker,35.35,-3.0,1,7.02,0.92,0.0,0.0,39.45,39.45,v3_stability_ranker,neutral,2395.0,0.0504,-0.0184,-0.0589,2280.0,2421.25,0.1682,0.0399,pykrx,,,,,,,,,data/raw/price_215380_20260406_20260804.csv,175,False,Broad evaluation pool candidate,138,False,Broad evaluation pool candidate
028080,2026-08-04,2026-08-04,2026-08-04,2026-08-04,AVOID,negative,36.18,36.18,36.18,45.22,45.22,0,35.0,3.0,3,4.82,0.0,0.0,0.0,0.0,0,0,36.18,v2_conservative_ranker,27.4,-0.8,4,3.97,2.23,5.18,0.0,27.17,27.17,v3_stability_ranker,neutral,4830.0,0.0581,-0.0887,-0.2082,4689.0,5431.75,2.6849,0.0402,pykrx,,,,,,,,,data/raw/price_028080_20260406_20260804.csv,176,False,Broad evaluation pool candidate,183,False,Broad evaluation pool candidate
229640,2026-08-04,2026-08-04,2026-08-04,2026-08-04,AVOID,negative,36.09,36.09,36.09,49.49,56.49,-7,52.51,0.83,3,10.0,1.92,3.24,0.0,6.1,2,3,36.09,v2_conservative_ranker,38.73,8.0,6,1.0,6.97,7.58,11.2,27.98,27.98,v3_stability_ranker,neutral,44200.0,0.086,0.119,-0.1282,38950.0,42965.0,1.1669,0.0924,unknown,LS에코에너지,LS에코에너지,paid_in_capital_increase,medium_attention,risk_noise_detected,,,,data/raw/price_229640_20260705_20260804.csv,177,False,Broad evaluation pool candidate,180,False,Broad evaluation pool candidate
065650,2026-08-04,2026-08-04,2026-08-04,2026-08-04,AVOID,negative,36.09,36.09,36.09,38.74,38.74,0,38.98,0.83,3,6.72,0.0,0.0,0.0,0.0,0,0,36.09,v2_conservative_ranker,34.37,8.0,6,8.6,0.0,1.76,0.0,55.21,55.21,v3_stability_ranker,neutral,1767.0,-0.0073,-0.0454,-0.0423,1642.0,1900.9,1.1666,0.056,pykrx,,,,,,,,,data/raw/price_065650_20260406_20260804.csv,178,False,Broad evaluation pool candidate,47,False,Broad evaluation pool candidate
036630,2026-08-04,2026-08-04,2026-08-04,2026-08-04,AVOID,negative,35.84,35.84,35.84,41.65,41.65,0,48.69,-2.0,2,10.0,0.0,2.85,0.0,0.0,0,0,35.84,v2_conservative_ranker,44.0,-3.0,1,5.0,0.0,6.96,0.0,40.04,40.04,v3_stability_ranker,neutral,7050.0,0.0086,-0.0042,0.1173,6934.0,7332.0,0.0337,0.0885,pykrx,,,,,,,,,data/raw/price_036630_20260406_20260804.csv,179,False,Broad evaluation pool candidate,134,False,Broad evaluation pool candidate
033540,2026-08-04,2026-08-04,2026-08-04,2026-08-04,AVOID,negative,35.55,35.55,35.55,32.81,32.81,0,39.43,0.0,0,3.88,0.0,0.0,0.0,0.0,0,0,35.55,v2_conservative_ranker,32.0,-5.0,0,12.15,0.0,0.0,0.0,39.16,39.16,v3_stability_ranker,neutral,787.0,0.0,0.0,-0.1592,787.0,864.7,0.0,0.0323,pykrx,,,,,,,,,data/raw/price_033540_20260406_20260804.csv,180,False,Broad evaluation pool candidate,139,False,Broad evaluation pool candidate
069640,2026-08-04,2026-08-04,2026-08-04,2026-08-04,AVOID,negative,35.47,35.47,35.47,106.35,106.35,0,71.0,3.0,3,5.58,33.0,1.55,0.0,1.4,0,0,35.47,v2_conservative_ranker,25.0,-2.25,4,3.03,48.0,15.73,2.0,0.0,0.0,v3_stability_ranker,price_momentum,1414.0,0.1496,0.3931,0.6596,1158.4,1008.3,3.2024,0.0465,unknown,한세엠케이,한세엠케이,major_shareholder_change,medium_attention,no_risk_noise,,,,data/raw/price_069640_20260705_20260804.csv,181,False,Broad evaluation pool candidate,213,False,Broad evaluation pool candidate
002990,2026-08-04,2026-08-04,2026-08-04,2026-08-04,AVOID,negative,35.34,35.34,35.34,55.14,52.14,3,51.0,-2.0,2,10.0,0.66,6.0,0.0,0.0,0,1,35.34,v2_conservative_ranker,32.55,-3.0,1,-2.0,10.73,10.0,0.0,7.81,7.81,v3_stability_ranker,neutral,9610.0,0.0702,0.1879,-0.2219,8898.0,11450.0,0.5235,0.1236,unknown,금호건설,금호건설,supply_contract,medium_attention,no_risk_noise,,,,data/raw/price_002990_20260705_20260804.csv,182,False,Broad evaluation pool candidate,208,False,Broad evaluation pool candidate
141080,2026-08-04,2026-08-04,2026-08-04,2026-08-04,AVOID,negative,35.06,35.06,35.06,60.23,60.23,0,52.1,1.66,3,9.3,10.64,1.75,0.0,0.0,0,0,35.06,v2_conservative_ranker,30.79,8.0,6,1.38,20.84,5.2,0.0,20.13,20.13,v3_stability_ranker,neutral,109900.0,0.152,0.213,-0.1401,90720.0,102580.0,1.3314,0.0775,pykrx,,,,,,,,,data/raw/price_141080_20260406_20260804.csv,183,False,Broad evaluation pool candidate,195,False,Broad evaluation pool candidate
004710,2026-08-04,2026-08-04,2026-08-04,2026-08-04,AVOID,negative,34.07,34.07,34.07,57.03,57.03,0,51.0,1.32,3,10.0,6.53,4.72,0.0,0.0,0,0,34.07,v2_conservative_ranker,31.26,8.0,6,1.0,18.72,9.95,0.0,17.59,17.59,v3_stability_ranker,neutral,7660.0,0.1069,0.2063,-0.1911,6612.0,8069.5,1.2638,0.1072,pykrx,,,,,,,,,data/raw/price_004710_20260406_20260804.csv,184,False,Broad evaluation pool candidate,201,False,Broad evaluation pool candidate
131760,2026-08-04,2026-08-04,2026-08-04,2026-08-04,AVOID,negative,33.32,33.32,33.32,43.88,43.88,0,48.3,-2.0,2,10.0,0.0,4.98,0.0,0.0,0,0,33.32,v2_conservative_ranker,44.6,-3.0,1,1.0,0.0,10.0,0.0,33.6,33.6,v3_stability_ranker,neutral,1624.0,0.0424,0.0233,-0.0866,1485.6,1653.0,0.3135,0.1098,pykrx,,,,,,,,,data/raw/price_131760_20260406_20260804.csv,185,False,Broad evaluation pool candidate,165,False,Broad evaluation pool candidate
389680,2026-08-04,2026-08-04,2026-08-04,2026-08-04,AVOID,negative,33.18,33.18,33.18,31.78,31.78,0,35.0,3.39,3,7.75,0.0,0.46,0.0,0.0,0,0,33.18,v2_conservative_ranker,26.5,8.0,6,4.31,0.0,3.14,0.0,41.67,41.67,v3_stability_ranker,price_weakness,1292.0,0.007,-0.194,-0.1765,1344.4,1571.35,1.6783,0.0646,pykrx,,,,,,,,,data/raw/price_389680_20260406_20260804.csv,186,False,Broad evaluation pool candidate,125,False,Broad evaluation pool candidate
445090,2026-08-04,2026-08-04,2026-08-04,2026-08-04,AVOID,negative,32.77,32.77,32.77,42.93,42.93,0,48.02,-2.0,2,10.0,0.0,5.25,0.0,0.0,0,0,32.77,v2_conservative_ranker,45.05,-3.0,1,5.0,0.0,10.0,0.0,38.05,38.05,v3_stability_ranker,neutral,17930.0,0.0316,0.017,-0.0767,16590.0,19492.5,0.1782,0.1125,pykrx,,,,,,,,,data/raw/price_445090_20260406_20260804.csv,187,False,Broad evaluation pool candidate,142,False,Broad evaluation pool candidate
019570,2026-08-04,2026-08-04,2026-08-04,2026-08-04,AVOID,negative,32.37,32.37,32.37,31.39,31.39,0,37.34,-2.0,2,4.97,0.0,0.0,0.0,0.0,0,0,32.37,v2_conservative_ranker,32.0,-3.0,1,10.79,0.0,0.0,0.0,40.79,40.79,v3_stability_ranker,neutral,2365.0,0.0064,-0.0166,-0.1942,2367.0,2422.0,0.484,0.0414,pykrx,,,,,,,,,data/raw/price_019570_20260406_20260804.csv,188,False,Broad evaluation pool candidate,127,False,Broad evaluation pool candidate
354200,2026-08-04,2026-08-04,2026-08-04,2026-08-04,AVOID,negative,31.93,31.93,31.93,43.12,43.12,0,47.93,-2.0,2,10.0,0.0,6.0,0.0,0.0,0,0,31.93,v2_conservative_ranker,40.5,-3.0,1,1.0,1.26,10.0,0.0,28.24,28.24,v3_stability_ranker,neutral,1747.0,0.0524,0.0011,-0.0337,1618.6,1746.6,0.1159,0.1574,pykrx,,,,,,,,,data/raw/price_354200_20260406_20260804.csv,189,False,Broad evaluation pool candidate,179,False,Broad evaluation pool candidate
276730,2026-08-04,2026-08-04,2026-08-04,2026-08-04,AVOID,negative,31.34,31.34,31.34,27.79,27.79,0,39.0,0.0,0,7.45,0.0,0.21,0.0,0.0,0,0,31.34,v2_conservative_ranker,32.0,-5.0,0,4.69,0.0,2.74,0.0,28.95,28.95,v3_stability_ranker,neutral,11470.0,0.0,0.0,-0.4251,11470.0,15825.5,0.0,0.0621,pykrx,,,,,,,,,data/raw/price_276730_20260406_20260804.csv,190,False,Broad evaluation pool candidate,175,False,Broad evaluation pool candidate
101970,2026-08-04,2026-08-04,2026-08-04,2026-08-04,AVOID,negative,31.3,31.3,31.3,31.33,31.33,0,37.18,-2.0,2,5.88,0.0,0.0,0.0,0.0,0,0,31.3,v2_conservative_ranker,32.0,-3.0,1,9.65,0.0,0.64,0.0,39.01,39.01,v3_stability_ranker,neutral,9270.0,-0.0011,-0.0283,-0.1425,9176.0,9785.0,0.3643,0.049,pykrx,,,,,,,,,data/raw/price_101970_20260406_20260804.csv,191,False,Broad evaluation pool candidate,140,False,Broad evaluation pool candidate
223220,2026-08-04,2026-08-04,2026-08-04,2026-08-04,AVOID,negative,30.78,30.78,30.78,52.75,59.75,-7,55.65,-2.0,2,10.0,2.17,6.0,0.0,4.7,2,0,30.78,v2_conservative_ranker,33.7,-3.0,1,2.0,8.27,10.0,9.2,6.23,6.23,v3_stability_ranker,price_momentum,338.0,-0.0029,0.2071,-0.1529,335.2,303.9,0.0658,0.1253,unknown,로지스몬,로지스몬,paid_in_capital_increase,low_attention,risk_noise_detected,,,,data/raw/price_223220_20260705_20260804.csv,192,False,Broad evaluation pool candidate,209,False,Broad evaluation pool candidate
263800,2026-08-04,2026-08-04,2026-08-04,2026-08-04,AVOID,negative,30.59,30.59,30.59,43.38,43.38,0,47.19,-2.0,2,10.0,0.6,6.0,0.0,0.0,0,0,30.59,v2_conservative_ranker,44.0,-3.0,1,1.0,5.1,10.0,0.0,27.9,27.9,v3_stability_ranker,neutral,5090.0,0.075,-0.002,0.0682,4657.0,5581.25,0.6951,0.1224,pykrx,,,,,,,,,data/raw/price_263800_20260406_20260804.csv,193,False,Broad evaluation pool candidate,181,False,Broad evaluation pool candidate
302430,2026-08-04,2026-08-04,2026-08-04,2026-08-04,AVOID,negative,30.47,30.47,30.47,29.69,29.69,0,34.41,0.0,3,6.94,0.0,0.0,0.0,0.0,0,0,30.47,v2_conservative_ranker,28.33,2.0,6,1.33,0.94,2.05,0.0,34.67,34.67,v3_stability_ranker,neutral,4885.0,0.0505,-0.0459,-0.2331,4552.0,5464.5,1.0101,0.0578,pykrx,,,,,,,,,data/raw/price_302430_20260406_20260804.csv,194,False,Broad evaluation pool candidate,161,False,Broad evaluation pool candidate
206400,2026-08-04,2026-08-04,2026-08-04,2026-08-04,AVOID,negative,30.37,30.37,30.37,28.71,28.71,0,36.9,-2.0,2,6.53,0.0,0.0,0.0,0.0,0,0,30.37,v2_conservative_ranker,32.0,-3.0,1,8.84,0.0,1.5,0.0,37.34,37.34,v3_stability_ranker,neutral,839.0,0.0048,-0.021,-0.2627,837.6,859.55,0.3748,0.0544,pykrx,,,,,,,,,data/raw/price_206400_20260406_20260804.csv,195,False,Broad evaluation pool candidate,147,False,Broad evaluation pool candidate
011330,2026-08-04,2026-08-04,2026-08-04,2026-08-04,AVOID,negative,29.59,29.59,29.59,28.07,28.07,0,35.59,-2.0,2,6.0,0.0,0.0,0.0,0.0,0,0,29.59,v2_conservative_ranker,30.0,-3.0,1,5.5,2.26,0.8,0.0,30.44,30.44,v3_stability_ranker,neutral,3450.0,0.0583,-0.1364,-0.0403,3477.0,3692.25,0.7876,0.05,pykrx,,,,,,,,,data/raw/price_011330_20260406_20260804.csv,196,False,Broad evaluation pool candidate,170,False,Broad evaluation pool candidate
288980,2026-08-04,2026-08-04,2026-08-04,2026-08-04,AVOID,negative,28.99,28.99,28.99,28.92,28.92,0,33.18,-2.0,2,4.19,0.0,0.0,0.0,0.0,0,0,28.99,v2_conservative_ranker,27.34,-3.0,1,8.77,0.0,0.0,0.0,34.11,34.11,v3_stability_ranker,neutral,696.0,0.0311,-0.0582,-0.2704,678.4,808.0,0.7051,0.0349,pykrx,,,,,,,,,data/raw/price_288980_20260406_20260804.csv,197,False,Broad evaluation pool candidate,163,False,Broad evaluation pool candidate
224060,2026-08-04,2026-08-04,2026-08-04,2026-08-04,AVOID,negative,28.68,28.68,28.68,27.57,27.57,0,37.99,-2.0,2,8.35,0.0,0.96,0.0,0.0,0,0,28.68,v2_conservative_ranker,32.0,-3.0,1,3.56,0.0,3.94,0.0,29.62,29.62,v3_stability_ranker,neutral,3445.0,0.0015,-0.0101,-0.362,3440.0,4274.25,0.2573,0.0696,pykrx,,,,,,,,,data/raw/price_224060_20260406_20260804.csv,198,False,Broad evaluation pool candidate,173,False,Broad evaluation pool candidate
027040,2026-08-04,2026-08-04,2026-08-04,2026-08-04,AVOID,negative,28.07,28.07,28.07,27.38,27.38,0,33.38,-2.0,2,5.3,0.0,0.0,0.0,0.0,0,0,28.07,v2_conservative_ranker,26.97,-3.0,1,10.37,0.0,0.0,0.0,35.34,35.34,v3_stability_ranker,neutral,1668.0,0.0012,-0.0629,-0.1524,1646.8,1826.1,0.2851,0.0442,pykrx,,,,,,,,,data/raw/price_027040_20260406_20260804.csv,199,False,Broad evaluation pool candidate,159,False,Broad evaluation pool candidate
290560,2026-08-04,2026-08-04,2026-08-04,2026-08-04,AVOID,negative,27.84,27.84,27.84,26.98,26.98,0,34.43,-2.0,2,6.59,0.0,0.0,0.0,0.0,0,0,27.84,v2_conservative_ranker,28.34,-3.0,1,1.77,4.22,1.58,0.0,22.31,22.31,v3_stability_ranker,neutral,919.0,0.0698,-0.0457,-0.238,857.2,1049.15,0.5073,0.0549,pykrx,,,,,,,,,data/raw/price_290560_20260406_20260804.csv,200,False,Broad evaluation pool candidate,191,False,Broad evaluation pool candidate
900120,2026-08-04,2026-08-04,2026-08-04,2026-08-04,AVOID,negative,27.71,27.71,27.71,20.06,20.06,0,31.0,0.0,3,6.29,0.0,0.0,0.0,0.0,0,0,27.71,v2_conservative_ranker,24.0,8.0,6,6.14,0.0,1.18,0.0,42.96,42.96,v3_stability_ranker,neutral,824.0,-0.0317,-0.185,-0.2649,851.8,1039.7,1.0504,0.0524,pykrx,,,,,,,,,data/raw/price_900120_20260406_20260804.csv,201,False,Broad evaluation pool candidate,119,False,Broad evaluation pool candidate
347700,2026-08-04,2026-08-04,2026-08-04,2026-08-04,AVOID,negative,26.61,26.61,26.61,75.19,75.19,0,55.0,3.0,3,10.0,18.0,6.39,0.0,0.0,0,0,26.61,v2_conservative_ranker,27.0,-2.44,4,-2.0,26.0,27.09,0.0,0.0,0.0,v3_stability_ranker,price_momentum,19690.0,0.2314,0.3295,-0.1963,15480.0,17850.0,3.2731,0.1069,pykrx,,,,,,,,,data/raw/price_347700_20260406_20260804.csv,202,False,Broad evaluation pool candidate,214,False,Broad evaluation pool candidate
119850,2026-08-04,2026-08-04,2026-08-04,2026-08-04,AVOID,negative,26.1,26.1,26.1,103.0,103.0,0,71.0,3.0,3,10.0,33.0,7.9,0.0,0.0,0,0,26.1,v2_conservative_ranker,25.0,-2.7,4,-2.0,48.0,27.41,0.0,0.0,0.0,v3_stability_ranker,price_momentum,51200.0,0.219,0.6,0.7268,37630.0,34295.0,3.3629,0.1233,pykrx,,,,,,,,,data/raw/price_119850_20260406_20260804.csv,203,False,Broad evaluation pool candidate,215,False,Broad evaluation pool candidate
058730,2026-08-04,2026-08-04,2026-08-04,2026-08-04,AVOID,negative,25.85,25.85,25.85,31.25,31.25,0,40.6,-2.0,2,10.0,0.05,4.7,0.0,0.0,0,0,25.85,v2_conservative_ranker,33.73,-3.0,1,-2.0,4.32,9.92,0.0,15.49,15.49,v3_stability_ranker,neutral,3195.0,0.0704,-0.0108,-0.0949,3041.0,4031.5,0.1799,0.107,pykrx,,,,,,,,,data/raw/price_058730_20260406_20260804.csv,204,False,Broad evaluation pool candidate,203,False,Broad evaluation pool candidate
006490,2026-08-04,2026-08-04,2026-08-04,2026-08-04,AVOID,negative,25.53,25.53,25.53,25.75,25.75,0,32.62,-2.0,2,7.09,0.0,0.0,0.0,0.0,0,0,25.53,v2_conservative_ranker,26.9,-3.0,1,5.13,0.0,2.26,0.0,27.77,27.77,v3_stability_ranker,neutral,910.0,0.0168,-0.0638,-0.4129,894.8,1185.7,0.6727,0.0591,pykrx,,,,,,,,,data/raw/price_006490_20260406_20260804.csv,205,False,Broad evaluation pool candidate,182,False,Broad evaluation pool candidate
091590,2026-08-04,2026-08-04,2026-08-04,2026-08-04,AVOID,negative,24.55,24.55,24.55,27.24,27.24,0,38.32,-2.0,2,10.0,0.0,3.77,0.0,0.0,0,0,24.55,v2_conservative_ranker,32.0,-3.0,1,2.0,0.0,8.43,0.0,23.57,23.57,v3_stability_ranker,neutral,4375.0,0.0318,-0.0068,-0.5877,4333.0,6112.5,0.3195,0.0977,pykrx,,,,,,,,,data/raw/price_091590_20260406_20260804.csv,206,False,Broad evaluation pool candidate,189,False,Broad evaluation pool candidate
034730,2026-08-04,2026-08-04,2026-08-04,2026-08-04,AVOID,negative,24.1,24.1,24.1,26.36,26.36,0,34.75,-2.0,2,9.08,0.0,1.57,0.0,0.0,0,0,24.1,v2_conservative_ranker,28.6,-3.0,1,2.64,0.0,4.91,0.0,24.33,24.33,v3_stability_ranker,neutral,518000.0,-0.0096,-0.0425,-0.2234,511100.0,581325.0,0.6972,0.0757,pykrx,,,,,,,,,data/raw/price_034730_20260406_20260804.csv,207,False,Broad evaluation pool candidate,187,False,Broad evaluation pool candidate
341170,2026-08-04,2026-08-04,2026-08-04,2026-08-04,AVOID,negative,24.07,24.07,24.07,28.72,28.72,0,37.62,-2.0,2,10.0,0.0,3.55,0.0,0.0,0,0,24.07,v2_conservative_ranker,30.46,-3.0,1,5.0,0.0,8.08,0.0,25.38,25.38,v3_stability_ranker,neutral,384.0,-0.0103,-0.04,-0.0965,377.0,383.65,0.2577,0.0955,pykrx,,,,,,,,,data/raw/price_341170_20260406_20260804.csv,208,False,Broad evaluation pool candidate,185,False,Broad evaluation pool candidate
069920,2026-08-04,2026-08-04,2026-08-04,2026-08-04,AVOID,negative,23.31,23.31,23.31,46.11,46.11,0,47.0,-2.0,2,10.0,7.69,6.0,0.0,0.0,0,0,23.31,v2_conservative_ranker,24.5,-3.0,1,1.0,10.0,10.0,0.0,3.5,3.5,v3_stability_ranker,neutral,1098.0,-0.1109,-0.1073,0.5208,1226.0,999.2,0.4739,0.1794,pykrx,,,,,,,,,data/raw/price_069920_20260406_20260804.csv,209,False,Broad evaluation pool candidate,210,False,Broad evaluation pool candidate
109740,2026-08-04,2026-08-04,2026-08-04,2026-08-04,AVOID,negative,22.97,22.97,22.97,23.69,27.69,-4,32.96,-2.0,2,5.29,0.0,0.0,0.0,4.7,0,0,22.97,v2_conservative_ranker,27.17,-3.0,1,10.38,0.0,0.0,7.2,28.35,28.35,v3_stability_ranker,neutral,4200.0,0.0294,-0.0604,-0.1985,4137.0,4662.25,0.6778,0.0441,unknown,디에스케이,디에스케이,major_shareholder_change,medium_attention,risk_noise_detected,,,,data/raw/price_109740_20260705_20260804.csv,210,False,Broad evaluation pool candidate,178,False,Broad evaluation pool candidate
131100,2026-08-04,2026-08-04,2026-08-04,2026-08-04,AVOID,negative,22.65,22.65,22.65,20.01,20.01,0,31.98,0.0,0,8.36,0.0,0.97,0.0,0.0,0,0,22.65,v2_conservative_ranker,26.38,-5.0,0,3.54,0.0,3.95,0.0,20.98,20.98,v3_stability_ranker,neutral,450.0,0.0,-0.0702,-0.4304,450.0,653.2,0.0,0.0697,pykrx,,,,,,,,,data/raw/price_131100_20260406_20260804.csv,211,False,Broad evaluation pool candidate,194,False,Broad evaluation pool candidate
000500,2026-08-04,2026-08-04,2026-08-04,2026-08-04,AVOID,negative,20.79,20.79,20.79,28.46,28.46,0,35.51,0.0,2,10.0,1.25,5.47,0.0,0.0,0,0,20.79,v2_conservative_ranker,29.21,2.0,6,-2.0,6.02,10.0,0.0,19.19,19.19,v3_stability_ranker,neutral,146500.0,0.0804,-0.0349,-0.4823,129260.0,190425.0,0.9918,0.1147,pykrx,,,,,,,,,data/raw/price_000500_20260406_20260804.csv,212,False,Broad evaluation pool candidate,198,False,Broad evaluation pool candidate
025560,2026-08-04,2026-08-04,2026-08-04,2026-08-04,AVOID,negative,20.37,20.37,20.37,25.98,25.98,0,34.66,-2.0,2,10.0,0.0,4.29,0.0,0.0,0,0,20.37,v2_conservative_ranker,28.53,-3.0,1,2.0,0.0,9.26,0.0,19.26,19.26,v3_stability_ranker,neutral,6840.0,0.0194,-0.0434,-0.1808,6384.0,7891.5,0.5606,0.1029,pykrx,,,,,,,,,data/raw/price_025560_20260406_20260804.csv,213,False,Broad evaluation pool candidate,197,False,Broad evaluation pool candidate
078590,2026-08-04,2026-08-04,2026-08-04,2026-08-04,AVOID,negative,16.69,16.69,16.69,96.0,103.0,-7,71.0,0.0,3,10.0,24.9,11.61,0.0,8.8,2,0,16.69,v2_conservative_ranker,31.93,-7.42,4,-2.0,41.96,31.62,15.4,0.0,0.0,v3_stability_ranker,price_momentum,3485.0,0.1521,0.2038,0.6097,2716.0,2510.15,5.0487,0.138,unknown,휴림에이텍,휴림에이텍,paid_in_capital_increase,medium_attention,risk_noise_detected,,,,data/raw/price_078590_20260705_20260804.csv,214,False,Broad evaluation pool candidate,216,False,Broad evaluation pool candidate
210980,2026-08-04,2026-08-04,2026-08-04,2026-08-04,AVOID,negative,16.46,16.46,16.46,12.2,12.2,0,31.0,-2.0,2,10.0,0.0,4.54,0.0,0.0,0,0,16.46,v2_conservative_ranker,24.0,-3.0,1,2.0,0.0,9.66,0.0,14.34,14.34,v3_stability_ranker,neutral,4530.0,0.0033,-0.1823,-0.5991,4282.0,6819.5,0.1993,0.1054,pykrx,,,,,,,,,data/raw/price_210980_20260406_20260804.csv,215,False,Broad evaluation pool candidate,204,False,Broad evaluation pool candidate
208640,2026-08-04,2026-08-04,2026-08-04,2026-08-04,AVOID,negative,15.7,15.7,15.7,71.8,78.8,-7,57.8,0.0,3,10.0,15.0,10.0,0.0,8.1,2,0,15.7,v2_conservative_ranker,35.0,-3.46,4,-2.0,22.0,10.0,14.4,0.0,0.0,v3_stability_ranker,price_momentum,1233.0,-0.0805,-0.012,0.5393,1138.4,946.8,3.6359,0.1507,unknown,썸에이지,썸에이지,paid_in_capital_increase,medium_attention,risk_noise_detected,,,,data/raw/price_208640_20260705_20260804.csv,216,False,Broad evaluation pool candidate,217,False,Broad evaluation pool candidate
065420,2026-08-04,2026-08-04,2026-08-04,2026-08-04,AVOID,negative,15.0,15.0,15.0,11.0,11.0,0,31.0,0.0,0,10.0,0.0,6.0,0.0,0.0,0,0,15.0,v2_conservative_ranker,24.0,-5.0,0,2.0,0.0,10.0,0.0,11.0,11.0,v3_stability_ranker,neutral,94.0,0.0,-0.1754,-0.4719,94.0,141.75,0.0,0.17,pykrx,,,,,,,,,data/raw/price_065420_20260406_20260804.csv,217,False,Broad evaluation pool candidate,206,False,Broad evaluation pool candidate
