source_provider,query,title,link,published_at,summary,raw_source,provider_status
google_news_rss,000950,전방(000950) - 매일경제 마켓,https://news.google.com/rss/articles/CBMiWkFVX3lxTFBXRVM5MlRvRWxobFlSNEs3SkJiRXFZV3IxYnNKTW1lelhVNkkxMFdZYzRyUkQzOUEwSnA4UGpBU0piVk1xZ0xtd1JwNGN1M2ZKUWpfa0dOdmFMQQ?oc=5,2023-02-15T07:50:27+00:00,"<a href=""https://news.google.com/rss/articles/CBMiWkFVX3lxTFBXRVM5MlRvRWxobFlSNEs3SkJiRXFZV3IxYnNKTW1lelhVNkkxMFdZYzRyUkQzOUEwSnA4UGpBU0piVk1xZ0xtd1JwNGN1M2ZKUWpfa0dOdmFMQQ?oc=5"" target=""_blank"">전방(000950)</a>&nbsp;&nbsp;<font color=""#6f6f6f"">매일경제 마켓</font>",Google News RSS,success
google_news_rss,000950,"[저PER, 저PBR] 차이나그레이트 , PBR 0.12배 섬유,의류,신발,호화품 최저 - 버핏연구소",https://news.google.com/rss/articles/CBMifEFVX3lxTE1KQmxqSDZtUlVIOGhzQzlmeDNQUlJWZlZPODJzaGdieWxaWm5zdWtHVDI5V09XUGluakNBMUhIUjNOc0hocmRlNG5uUElVV04xVk1YLXNzd3czRHNBMl9mNTZrbkNLMXFQRGRJNFhpaVhJUWZnMjhoS1ZqVjU?oc=5,2018-08-21T07:00:00+00:00,"<a href=""https://news.google.com/rss/articles/CBMifEFVX3lxTE1KQmxqSDZtUlVIOGhzQzlmeDNQUlJWZlZPODJzaGdieWxaWm5zdWtHVDI5V09XUGluakNBMUhIUjNOc0hocmRlNG5uUElVV04xVk1YLXNzd3czRHNBMl9mNTZrbkNLMXFQRGRJNFhpaVhJUWZnMjhoS1ZqVjU?oc=5"" target=""_blank"">[저PER, 저PBR] 차이나그레이트 , PBR 0.12배 섬유,의류,신발,호화품 최저</a>&nbsp;&nbsp;<font color=""#6f6f6f"">버핏연구소</font>",Google News RSS,success
google_news_rss,000950,"인피니티, 364마력 하이브리드 Q50S 에센스 출시 - 연합뉴스",https://news.google.com/rss/articles/CBMiW0FVX3lxTFBzWGdQX0d6M1dDOWYxSGpwbGlFSnVaY1pNUnZ5VEJBTmNGTTlPX2lzUWNKWXdiUFdQTHQ0RlpDdmtXQ01Zak5yZjhJVXNKTjFoZ1lUOGVVUC0yczjSAWBBVV95cUxQdE02MWdkdW1JVERMMEJXazUtQUY1Rklpai1iMDN3M2VvN0Z2cGdmdEsxR0wtVGRfM0JzNUVBNVpvdC1LMnREbkV1RkdGSmowQmRVOW44N2licllfYjFlakM?oc=5,2015-06-23T07:00:00+00:00,"<a href=""https://news.google.com/rss/articles/CBMiW0FVX3lxTFBzWGdQX0d6M1dDOWYxSGpwbGlFSnVaY1pNUnZ5VEJBTmNGTTlPX2lzUWNKWXdiUFdQTHQ0RlpDdmtXQ01Zak5yZjhJVXNKTjFoZ1lUOGVVUC0yczjSAWBBVV95cUxQdE02MWdkdW1JVERMMEJXazUtQUY1Rklpai1iMDN3M2VvN0Z2cGdmdEsxR0wtVGRfM0JzNUVBNVpvdC1LMnREbkV1RkdGSmowQmRVOW44N2licllfYjFlakM?oc=5"" target=""_blank"">인피니티, 364마력 하이브리드 Q50S 에센스 출시</a>&nbsp;&nbsp;<font color=""#6f6f6f"">연합뉴스</font>",Google News RSS,success
google_news_rss,000950,"일정실업, 상한가 진입.. +30.00% ↑ - 서울경제",https://news.google.com/rss/articles/CBMiUkFVX3lxTFBTTGt5MFhsbndpdXM4N25KbXZ3ZDNDTzVDN3VhRFE1QzU5blZaMG1TZF9QTFFuanNZVWt1cnhPaTlLalg3Wk9HRGloaVF0OVk1aXc?oc=5,2025-04-29T07:00:00+00:00,"<a href=""https://news.google.com/rss/articles/CBMiUkFVX3lxTFBTTGt5MFhsbndpdXM4N25KbXZ3ZDNDTzVDN3VhRFE1QzU5blZaMG1TZF9QTFFuanNZVWt1cnhPaTlLalg3Wk9HRGloaVF0OVk1aXc?oc=5"" target=""_blank"">일정실업, 상한가 진입.. +30.00% ↑</a>&nbsp;&nbsp;<font color=""#6f6f6f"">서울경제</font>",Google News RSS,success
google_news_rss,000950,"전방, 지난해 당기순이익 298억858만원…전년 대비 234.4% 증가 - 디지털투데이",https://news.google.com/rss/articles/CBMic0FVX3lxTE5SZThEMWpKN2RTbFkyNmd5TTlTRWJXenktQjRnalR5OWFfcGZ2OEtIVXh6Q0JtUnBTcS1yUnZ1WVVBMUlGOU5sRWJvakJDcVZveWdmVjRQLUxkR3lLcTFVaEZGT19CZHhxdWxUZVdaaTNJM3c?oc=5,2026-02-12T08:00:00+00:00,"<a href=""https://news.google.com/rss/articles/CBMic0FVX3lxTE5SZThEMWpKN2RTbFkyNmd5TTlTRWJXenktQjRnalR5OWFfcGZ2OEtIVXh6Q0JtUnBTcS1yUnZ1WVVBMUlGOU5sRWJvakJDcVZveWdmVjRQLUxkR3lLcTFVaEZGT19CZHhxdWxUZVdaaTNJM3c?oc=5"" target=""_blank"">전방, 지난해 당기순이익 298억858만원…전년 대비 234.4% 증가</a>&nbsp;&nbsp;<font color=""#6f6f6f"">디지털투데이</font>",Google News RSS,success
google_news_rss,112610,"[실적속보]씨에스윈드, 올해 2Q 매출액 6864억(+5.6%) 영업이익 860억(+45%) (연결) - 씽크풀 AI",https://news.google.com/rss/articles/CBMiaEFVX3lxTFBoa0tMdG9jdVVCeUp2dHZPdE00LWgxZzdXX1JGNktFUXd1QkZ1QU1KSHBqN1FiVk42TnlzdkFfeW1DSThoM1dVc1dhTDZQVHpWMDRETnZwc2FHZERDZ3hGUUJvY1VwVUl4?oc=5,2026-08-14T22:13:22+00:00,"<a href=""https://news.google.com/rss/articles/CBMiaEFVX3lxTFBoa0tMdG9jdVVCeUp2dHZPdE00LWgxZzdXX1JGNktFUXd1QkZ1QU1KSHBqN1FiVk42TnlzdkFfeW1DSThoM1dVc1dhTDZQVHpWMDRETnZwc2FHZERDZ3hGUUJvY1VwVUl4?oc=5"" target=""_blank"">[실적속보]씨에스윈드, 올해 2Q 매출액 6864억(+5.6%) 영업이익 860억(+45%) (연결)</a>&nbsp;&nbsp;<font color=""#6f6f6f"">씽크풀 AI</font>",Google News RSS,success
google_news_rss,112610,지금이 씨에스윈드(KRX:112610) 매수를 고려할 때인가? - simplywall.st,https://news.google.com/rss/articles/CBMinwFBVV95cUxQS1RkV3BRNVZHSjJGZkxRUjUtaEpKeGIwYTkzazA3ZEZGUXBWbTZZdmVNZkE5RXB4QVI1TUNISk1kWlJ1M0ZpRUZBU19VVE9kMlYxa3FrOGRQTFRNcUhsRW91VDZFMUJnd3JXVmJNSkowdWpfdlZDX2tKX2Ewb2JuM0dPa2xWZTRVajZyeDdkd0w4bzJ4RDlGR3lLa3g2SUXSAaQBQVVfeXFMT3c0blRPY1JIalJrOVFLa1V4eEp2OEduMHo0UENNZzRtZDJVQXdjOTZleUF4RDlkSjNoWEFFVE56V1ZSSXhaLTlGT3FUMThGOHVVa00tM21tNGgtQ19rVmxVVFN4MzBZVHFkMUVTeDJyYjZmZjRiS3ptYVBtRVM2YWctNlRfNVZBazZENVo1RDRTQUdkQTlyV3BPYUFQTXo5R01SUFY?oc=5,2026-05-20T07:00:00+00:00,"<a href=""https://news.google.com/rss/articles/CBMinwFBVV95cUxQS1RkV3BRNVZHSjJGZkxRUjUtaEpKeGIwYTkzazA3ZEZGUXBWbTZZdmVNZkE5RXB4QVI1TUNISk1kWlJ1M0ZpRUZBU19VVE9kMlYxa3FrOGRQTFRNcUhsRW91VDZFMUJnd3JXVmJNSkowdWpfdlZDX2tKX2Ewb2JuM0dPa2xWZTRVajZyeDdkd0w4bzJ4RDlGR3lLa3g2SUXSAaQBQVVfeXFMT3c0blRPY1JIalJrOVFLa1V4eEp2OEduMHo0UENNZzRtZDJVQXdjOTZleUF4RDlkSjNoWEFFVE56V1ZSSXhaLTlGT3FUMThGOHVVa00tM21tNGgtQ19rVmxVVFN4MzBZVHFkMUVTeDJyYjZmZjRiS3ptYVBtRVM2YWctNlRfNVZBazZENVo1RDRTQUdkQTlyV3BPYUFQTXo5R01SUFY?oc=5"" target=""_blank"">지금이 씨에스윈드(KRX:112610) 매수를 고려할 때인가?</a>&nbsp;&nbsp;<font color=""#6f6f6f"">simplywall.st</font>",Google News RSS,success
google_news_rss,112610,"증권사 리포트 총정리, STX엔진, CJ제일제당 높은 목표가 제시 - 매일경제 마켓",https://news.google.com/rss/articles/CBMiUkFVX3lxTE1UR3RRcW82ZVI2d0VTUk1NcS0tYmxXWlNzSEppWXM4WmtBekJpZjVHT0tGSDhlVTFHZnA4U3ZMbTQ1b1hqR1djZUxzdW9CLXBrTHc?oc=5,2026-06-22T07:00:00+00:00,"<a href=""https://news.google.com/rss/articles/CBMiUkFVX3lxTE1UR3RRcW82ZVI2d0VTUk1NcS0tYmxXWlNzSEppWXM4WmtBekJpZjVHT0tGSDhlVTFHZnA4U3ZMbTQ1b1hqR1djZUxzdW9CLXBrTHc?oc=5"" target=""_blank"">증권사 리포트 총정리, STX엔진, CJ제일제당 높은 목표가 제시</a>&nbsp;&nbsp;<font color=""#6f6f6f"">매일경제 마켓</font>",Google News RSS,success
google_news_rss,112610,"DS투자, 씨에스윈드 목표가↑…""2∼3분기 굵직한 수주 몰릴 것"" - 연합뉴스",https://news.google.com/rss/articles/CBMiW0FVX3lxTE1ueDNjaGJTNEd2cnVld2txT1JqQ2RHbFlrdk5CdW95WU03YzRYeGN5ZmRCOGpleDBTWEFCczZ4b2Z2Tmx5R0NwQ1M0ZnYzRWtoMS10NnFhWWJGS2vSAWBBVV95cUxOTGFkc2tUeUVpallUTDJWNEViSG02UjJUTEZZdjg5RV9vUFZSTkJ5d0pIR0VsTTBIQ0t5OW9BRHdrdE1LTFgzUDlEUjY2TUluOWxwc2VKbzlrTmFQNWw2NTM?oc=5,2026-05-08T07:00:00+00:00,"<a href=""https://news.google.com/rss/articles/CBMiW0FVX3lxTE1ueDNjaGJTNEd2cnVld2txT1JqQ2RHbFlrdk5CdW95WU03YzRYeGN5ZmRCOGpleDBTWEFCczZ4b2Z2Tmx5R0NwQ1M0ZnYzRWtoMS10NnFhWWJGS2vSAWBBVV95cUxOTGFkc2tUeUVpallUTDJWNEViSG02UjJUTEZZdjg5RV9vUFZSTkJ5d0pIR0VsTTBIQ0t5OW9BRHdrdE1LTFgzUDlEUjY2TUluOWxwc2VKbzlrTmFQNWw2NTM?oc=5"" target=""_blank"">DS투자, 씨에스윈드 목표가↑…""2∼3분기 굵직한 수주 몰릴 것""</a>&nbsp;&nbsp;<font color=""#6f6f6f"">연합뉴스</font>",Google News RSS,success
google_news_rss,112610,"씨에스윈드, 해상풍력 계약 중단 소식에 하락 마감 : 금융 - 재경일보",https://news.google.com/rss/articles/CBMiSEFVX3lxTE5CR2FoLUYzT2tiQVlLNjJOQ3ZkZm5CVGpVWXVzMnZDSXdEWnlxcVEyNllzdm5RRldfUElNczlOU1I4Zi1RenJfRw?oc=5,2026-04-28T07:00:00+00:00,"<a href=""https://news.google.com/rss/articles/CBMiSEFVX3lxTE5CR2FoLUYzT2tiQVlLNjJOQ3ZkZm5CVGpVWXVzMnZDSXdEWnlxcVEyNllzdm5RRldfUElNczlOU1I4Zi1RenJfRw?oc=5"" target=""_blank"">씨에스윈드, 해상풍력 계약 중단 소식에 하락 마감 : 금융</a>&nbsp;&nbsp;<font color=""#6f6f6f"">재경일보</font>",Google News RSS,success
google_news_rss,089860,롯데렌탈(089860)_이수범 전문가_종목 상담 (20230731) Directive 8020 (3aMISfnIDF) - Mshale,https://news.google.com/rss/articles/CBMiW0FVX3lxTE5ZU09GeHZpbVNDanBUaE5MX3JGRDU4eXU5SzVfdVRQMjI4TkNOWGdxdlEyR29rY1NhVmpEYWo5M243S2c3c1RaWFhsS1gydUNxakpETHNiYkJ0VzQ?oc=5,2026-08-20T14:48:28+00:00,"<a href=""https://news.google.com/rss/articles/CBMiW0FVX3lxTE5ZU09GeHZpbVNDanBUaE5MX3JGRDU4eXU5SzVfdVRQMjI4TkNOWGdxdlEyR29rY1NhVmpEYWo5M243S2c3c1RaWFhsS1gydUNxakpETHNiYkJ0VzQ?oc=5"" target=""_blank"">롯데렌탈(089860)_이수범 전문가_종목 상담 (20230731) Directive 8020 (3aMISfnIDF)</a>&nbsp;&nbsp;<font color=""#6f6f6f"">Mshale</font>",Google News RSS,success
google_news_rss,089860,"[투데이리포트]롯데렌탈, ""2Q26 Revie…"" BUY-다올투자증권 - 씽크풀 AI",https://news.google.com/rss/articles/CBMiaEFVX3lxTE40ZXBXVGdmb21WS1RsTGxieFJ0Y2wzVDdwdmtJYkF3R042M1FtenJURVBGX0V0X3dYbjZCVVdJQ0tIMXBHSjR6eDBLRlhOdHFKQTVCZlpTeG12T0F1cXVVSEhMcDhKRU8y?oc=5,2026-08-14T12:01:12+00:00,"<a href=""https://news.google.com/rss/articles/CBMiaEFVX3lxTE40ZXBXVGdmb21WS1RsTGxieFJ0Y2wzVDdwdmtJYkF3R042M1FtenJURVBGX0V0X3dYbjZCVVdJQ0tIMXBHSjR6eDBLRlhOdHFKQTVCZlpTeG12T0F1cXVVSEhMcDhKRU8y?oc=5"" target=""_blank"">[투데이리포트]롯데렌탈, ""2Q26 Revie…"" BUY-다올투자증권</a>&nbsp;&nbsp;<font color=""#6f6f6f"">씽크풀 AI</font>",Google News RSS,success
google_news_rss,089860,롯데렌탈 '렌탈 경쟁력은 수익성 확대! 여전히 매력적인 기업~' 증권사 발표에 강세…4.44% - 매일경제 마켓,https://news.google.com/rss/articles/CBMiUkFVX3lxTE81NmdHNFhNR2pSaGswMGZIc0hHUHJtVDhrNW9hMWdHckZ6VTVnSkRSc0ZMNE5OUWtGVHMyWGVCbm1xTVNIRnVkSEJzRExlUmFCeXc?oc=5,2026-08-11T03:03:31+00:00,"<a href=""https://news.google.com/rss/articles/CBMiUkFVX3lxTE81NmdHNFhNR2pSaGswMGZIc0hHUHJtVDhrNW9hMWdHckZ6VTVnSkRSc0ZMNE5OUWtGVHMyWGVCbm1xTVNIRnVkSEJzRExlUmFCeXc?oc=5"" target=""_blank"">롯데렌탈 '렌탈 경쟁력은 수익성 확대! 여전히 매력적인 기업~' 증권사 발표에 강세…4.44%</a>&nbsp;&nbsp;<font color=""#6f6f6f"">매일경제 마켓</font>",Google News RSS,success
google_news_rss,089860,롯데렌탈주가분석(089860) 2022년 04월 28일기준 Las Iguanas (E0D9428TT4) - Mshale,https://news.google.com/rss/articles/CBMiW0FVX3lxTE9pdi1IY3dmdjJ3Z0JJb2gwM2tycmJFYTlNVWlESUhZdEFmWnZjRmpHTG54MGlQOU9BMTIwM3Z3UjlsbnF5aktvZWc4aEdCNDVmOFlYNUZyVEYyOGM?oc=5,2026-08-20T14:53:27+00:00,"<a href=""https://news.google.com/rss/articles/CBMiW0FVX3lxTE9pdi1IY3dmdjJ3Z0JJb2gwM2tycmJFYTlNVWlESUhZdEFmWnZjRmpHTG54MGlQOU9BMTIwM3Z3UjlsbnF5aktvZWc4aEdCNDVmOFlYNUZyVEYyOGM?oc=5"" target=""_blank"">롯데렌탈주가분석(089860) 2022년 04월 28일기준 Las Iguanas (E0D9428TT4)</a>&nbsp;&nbsp;<font color=""#6f6f6f"">Mshale</font>",Google News RSS,success
google_news_rss,089860,"TPG 품에 안긴 롯데렌탈…""매각대금에도 롯데그룹 신용도 영향 제한적"" - 연합뉴스",https://news.google.com/rss/articles/CBMiW0FVX3lxTE5QQWdhOU5MdVBfWUdLQV9yTS12T2hyUnV3MWV0X0s4R015VWxxRVJvTVRMdkxIN084dGptNkhyUGRqMTdlVXR1ZkY1cEVOWkpSaFlONFladXNLVU3SAWBBVV95cUxQcUg5Y3lNXzJzeDhlQUJvZ1hlTHhmRTBta2UzclpFTmsyX2N0dFllZk02V1VHUFFoSzBrU01obHRtZjMzdDhkYUtLS3dFR1VibndNa2NSSGcyaFllYkt4YlI?oc=5,2026-08-12T07:05:28+00:00,"<a href=""https://news.google.com/rss/articles/CBMiW0FVX3lxTE5QQWdhOU5MdVBfWUdLQV9yTS12T2hyUnV3MWV0X0s4R015VWxxRVJvTVRMdkxIN084dGptNkhyUGRqMTdlVXR1ZkY1cEVOWkpSaFlONFladXNLVU3SAWBBVV95cUxQcUg5Y3lNXzJzeDhlQUJvZ1hlTHhmRTBta2UzclpFTmsyX2N0dFllZk02V1VHUFFoSzBrU01obHRtZjMzdDhkYUtLS3dFR1VibndNa2NSSGcyaFllYkt4YlI?oc=5"" target=""_blank"">TPG 품에 안긴 롯데렌탈…""매각대금에도 롯데그룹 신용도 영향 제한적""</a>&nbsp;&nbsp;<font color=""#6f6f6f"">연합뉴스</font>",Google News RSS,success
google_news_rss,009420,한올바이오파마(009420) - 씽크풀 AI,https://news.google.com/rss/articles/CBMiYEFVX3lxTE5mVWhROG5XbVhVWld5NjZkVWxZYlNzeUtKUXpmcUJJVDJRYWkxT2NTdXVodG14U1gxVktBcWZmVFZUaC01QzU2ZXY3anE5d0tReUpHb21QN2E5WUFPWHlHUw?oc=5,2026-08-13T02:31:00+00:00,"<a href=""https://news.google.com/rss/articles/CBMiYEFVX3lxTE5mVWhROG5XbVhVWld5NjZkVWxZYlNzeUtKUXpmcUJJVDJRYWkxT2NTdXVodG14U1gxVktBcWZmVFZUaC01QzU2ZXY3anE5d0tReUpHb21QN2E5WUFPWHlHUw?oc=5"" target=""_blank"">한올바이오파마(009420)</a>&nbsp;&nbsp;<font color=""#6f6f6f"">씽크풀 AI</font>",Google News RSS,success
google_news_rss,009420,한올바이오파마(009420) - 매일경제 마켓,https://news.google.com/rss/articles/CBMilwFBVV95cUxPUkcwYUZ5N0V0b0hzLTFUMDgxbzdQWnV5eWpXalNQSFpOcVpuVXdtRjRDZ1dmcy1JaXlXS3hLdDdQSnYwaTFlWWs4VjA1NGZFRWJOdDBOYl9Ja240NC16d3BDMHp6MkMxNGtaNXYzTzFPT0tMMG5rOVRfY1laYTl5Mlo5emxNUHV1VklwcHJzZnpEaXh0LTFn?oc=5,2026-05-27T07:00:00+00:00,"<a href=""https://news.google.com/rss/articles/CBMilwFBVV95cUxPUkcwYUZ5N0V0b0hzLTFUMDgxbzdQWnV5eWpXalNQSFpOcVpuVXdtRjRDZ1dmcy1JaXlXS3hLdDdQSnYwaTFlWWs4VjA1NGZFRWJOdDBOYl9Ja240NC16d3BDMHp6MkMxNGtaNXYzTzFPT0tMMG5rOVRfY1laYTl5Mlo5emxNUHV1VklwcHJzZnpEaXh0LTFn?oc=5"" target=""_blank"">한올바이오파마(009420)</a>&nbsp;&nbsp;<font color=""#6f6f6f"">매일경제 마켓</font>",Google News RSS,success
google_news_rss,009420,"로이반트, 한올 IMVT-1402에 베팅…“GD신약, 경쟁사보다 먼저 출시” - 팜이데일리",https://news.google.com/rss/articles/CBMigwFBVV95cUxNZ2FpVnRLd0NDbkFoOFBieWJzdHZFcDQyQTBGczVyU2VHbG4yZFRnQm1tZE9RZGxnLWpYRG1TS2psWnpaejFfT0pJNFZPWUFnSDE4akNOU0x4REtBOTk4d1l3d2prRTNWdExVM1ZVRFNMYUhoZ1ljYnpFcFJKUDVSSEhJRQ?oc=5,2026-08-12T23:35:03+00:00,"<a href=""https://news.google.com/rss/articles/CBMigwFBVV95cUxNZ2FpVnRLd0NDbkFoOFBieWJzdHZFcDQyQTBGczVyU2VHbG4yZFRnQm1tZE9RZGxnLWpYRG1TS2psWnpaejFfT0pJNFZPWUFnSDE4akNOU0x4REtBOTk4d1l3d2prRTNWdExVM1ZVRFNMYUhoZ1ljYnpFcFJKUDVSSEhJRQ?oc=5"" target=""_blank"">로이반트, 한올 IMVT-1402에 베팅…“GD신약, 경쟁사보다 먼저 출시”</a>&nbsp;&nbsp;<font color=""#6f6f6f"">팜이데일리</font>",Google News RSS,success
google_news_rss,009420,한올바이오파마 2분기 영업이익 56억원…388.5%↑ - 연합뉴스,https://news.google.com/rss/articles/CBMiW0FVX3lxTFBqMUFfRFozMHNTLVZuOWd1bWVTX1Fid2hDMW1sRjFHb2RkczlXdVNsVDhqWDFOUWhicFRickRBX2g4dFlydGVqSGlNRzlBOE1BLW9KMDFJM1l0ZGPSAWBBVV95cUxOaWo3SDNnUEFJdDhwSXctUzVsRUVXUW5jRGUyWDVKY3hUNENTb2k5azhPZUkxbjBZMS01QWZVcnZZcUtpQjd2UjJxeFo3RzdQVkFONEE1ZWlCVEM1cVZGanQ?oc=5,2026-07-29T07:00:00+00:00,"<a href=""https://news.google.com/rss/articles/CBMiW0FVX3lxTFBqMUFfRFozMHNTLVZuOWd1bWVTX1Fid2hDMW1sRjFHb2RkczlXdVNsVDhqWDFOUWhicFRickRBX2g4dFlydGVqSGlNRzlBOE1BLW9KMDFJM1l0ZGPSAWBBVV95cUxOaWo3SDNnUEFJdDhwSXctUzVsRUVXUW5jRGUyWDVKY3hUNENTb2k5azhPZUkxbjBZMS01QWZVcnZZcUtpQjd2UjJxeFo3RzdQVkFONEE1ZWlCVEM1cVZGanQ?oc=5"" target=""_blank"">한올바이오파마 2분기 영업이익 56억원…388.5%↑</a>&nbsp;&nbsp;<font color=""#6f6f6f"">연합뉴스</font>",Google News RSS,success
google_news_rss,009420,"한올바이오파마, 2분기 매출 443억…""주요 제품 고른 성장"" - v.daum.net",https://news.google.com/rss/articles/CBMiVEFVX3lxTFBuYlYxZXc0a1BIbmZJY2Vvc3U3ek9oQjkyOW53S0RYVzJOZ1RNN0VQRzlhLXhxalJPb2FXMzZPbHZ2Tml0VHU5ZnAtZWRWNTRKZzVHbQ?oc=5,2026-07-29T07:00:00+00:00,"<a href=""https://news.google.com/rss/articles/CBMiVEFVX3lxTFBuYlYxZXc0a1BIbmZJY2Vvc3U3ek9oQjkyOW53S0RYVzJOZ1RNN0VQRzlhLXhxalJPb2FXMzZPbHZ2Tml0VHU5ZnAtZWRWNTRKZzVHbQ?oc=5"" target=""_blank"">한올바이오파마, 2분기 매출 443억…""주요 제품 고른 성장""</a>&nbsp;&nbsp;<font color=""#6f6f6f"">v.daum.net</font>",Google News RSS,success
google_news_rss,009460,"한창제지, 상반기 영업익 56억…전년比 135%↑수익성 '쑥' - v.daum.net",https://news.google.com/rss/articles/CBMiVEFVX3lxTE80X1VPVnZ5ekoySXZySHQtSXhKQ25ncnBTcmhZLWJPYVFWVXgtbW5LOTFpektKV1lCdVZGXy1YZFlzb2JvZDdrVkRVcllCYzBXNEkxMQ?oc=5,2026-08-14T05:32:45+00:00,"<a href=""https://news.google.com/rss/articles/CBMiVEFVX3lxTE80X1VPVnZ5ekoySXZySHQtSXhKQ25ncnBTcmhZLWJPYVFWVXgtbW5LOTFpektKV1lCdVZGXy1YZFlzb2JvZDdrVkRVcllCYzBXNEkxMQ?oc=5"" target=""_blank"">한창제지, 상반기 영업익 56억…전년比 135%↑수익성 '쑥'</a>&nbsp;&nbsp;<font color=""#6f6f6f"">v.daum.net</font>",Google News RSS,success
google_news_rss,009460,"한창제지, 상반기 영업익 56억…전년比 흑자전환 - edaily.co.kr",https://news.google.com/rss/articles/CBMigAFBVV95cUxNYlM4Nmw3U21JWDRiX1BaaWtVLWgzNFE4TU93UVVTTk1Xc2NWTUFHZURPSGhPdnBveTY2SndIVXRpSXo5SWpWS01ONDBpYXNqTUJteWYtVGNVajVISDhOTFgxc0pFZzhzbkRzbXV0bFAxZjNkRVhWdnA3ODhCQ0twTA?oc=5,2026-08-14T05:09:22+00:00,"<a href=""https://news.google.com/rss/articles/CBMigAFBVV95cUxNYlM4Nmw3U21JWDRiX1BaaWtVLWgzNFE4TU93UVVTTk1Xc2NWTUFHZURPSGhPdnBveTY2SndIVXRpSXo5SWpWS01ONDBpYXNqTUJteWYtVGNVajVISDhOTFgxc0pFZzhzbkRzbXV0bFAxZjNkRVhWdnA3ODhCQ0twTA?oc=5"" target=""_blank"">한창제지, 상반기 영업익 56억…전년比 흑자전환</a>&nbsp;&nbsp;<font color=""#6f6f6f"">edaily.co.kr</font>",Google News RSS,success
google_news_rss,009460,"특징주, 한창제지-제지 테마 상승세에 25.88% ↑ - 매일경제 마켓",https://news.google.com/rss/articles/CBMiUkFVX3lxTFBGVDViM3VFOEFWUHF1TlNSTS1UVi1oQXFyakhKdlNxN2l1NnJOVlpVTkg3UjhUVlN0ZkVUXzkzU3dxSFhyVUtjaVFuSnlpaTNueEE?oc=5,2026-03-30T07:00:00+00:00,"<a href=""https://news.google.com/rss/articles/CBMiUkFVX3lxTFBGVDViM3VFOEFWUHF1TlNSTS1UVi1oQXFyakhKdlNxN2l1NnJOVlpVTkg3UjhUVlN0ZkVUXzkzU3dxSFhyVUtjaVFuSnlpaTNueEE?oc=5"" target=""_blank"">특징주, 한창제지-제지 테마 상승세에 25.88% ↑</a>&nbsp;&nbsp;<font color=""#6f6f6f"">매일경제 마켓</font>",Google News RSS,success
google_news_rss,009460,"한창제지, 이상무 장내매수로 최대주주등 보통주 9153주 증가 - 디지털투데이",https://news.google.com/rss/articles/CBMic0FVX3lxTFBuNVotSG8zUlRaTmJMb3dMVkFJOWZLYlZCdVRQSnNnU3ppV1hqaDc5NURoUmRETVNZTWYwT01yWUd3bHVURjFIMkctWFdPcGc3Zi1vamVCNWpmS2ZodEtVTklTR3V0QlkzMFFwa1AxRHlHQkk?oc=5,2026-06-16T07:00:00+00:00,"<a href=""https://news.google.com/rss/articles/CBMic0FVX3lxTFBuNVotSG8zUlRaTmJMb3dMVkFJOWZLYlZCdVRQSnNnU3ppV1hqaDc5NURoUmRETVNZTWYwT01yWUd3bHVURjFIMkctWFdPcGc3Zi1vamVCNWpmS2ZodEtVTklTR3V0QlkzMFFwa1AxRHlHQkk?oc=5"" target=""_blank"">한창제지, 이상무 장내매수로 최대주주등 보통주 9153주 증가</a>&nbsp;&nbsp;<font color=""#6f6f6f"">디지털투데이</font>",Google News RSS,success
google_news_rss,009460,"[특징주] 한창제지, 폭락장 뚫고 치솟았다…친환경 포장재 기대감 폭발 - 와이드경제",https://news.google.com/rss/articles/CBMibEFVX3lxTE5UQWUxMXlPSjlRQmY4cVlvVkQwNWxaaFUtTXgybGF3NHoxb2RITjdQcFBGY3pPajhBbnAtSHhsaDRaMnlkaDhrMTAwQnc5c2ZkZU1iSS0ydVZfSG5BUDFYTzMwdm9zNzMwam5NNQ?oc=5,2026-03-30T07:00:00+00:00,"<a href=""https://news.google.com/rss/articles/CBMibEFVX3lxTE5UQWUxMXlPSjlRQmY4cVlvVkQwNWxaaFUtTXgybGF3NHoxb2RITjdQcFBGY3pPajhBbnAtSHhsaDRaMnlkaDhrMTAwQnc5c2ZkZU1iSS0ydVZfSG5BUDFYTzMwdm9zNzMwam5NNQ?oc=5"" target=""_blank"">[특징주] 한창제지, 폭락장 뚫고 치솟았다…친환경 포장재 기대감 폭발</a>&nbsp;&nbsp;<font color=""#6f6f6f"">와이드경제</font>",Google News RSS,success
google_news_rss,352940,"인바이오, 상반기 매출·영업익 두 자릿수 성장 - v.daum.net",https://news.google.com/rss/articles/CBMiT0FVX3lxTE5IdFdNOG54bXpDR205ak03MjRtVWNFb3VSa1pXeDd0dGwxWnlZcVpnbkN4T3d5bEVVb19TaU4yV0libjBCZEJRVjE3X2E5cjg?oc=5,2026-08-13T06:03:28+00:00,"<a href=""https://news.google.com/rss/articles/CBMiT0FVX3lxTE5IdFdNOG54bXpDR205ak03MjRtVWNFb3VSa1pXeDd0dGwxWnlZcVpnbkN4T3d5bEVVb19TaU4yV0libjBCZEJRVjE3X2E5cjg?oc=5"" target=""_blank"">인바이오, 상반기 매출·영업익 두 자릿수 성장</a>&nbsp;&nbsp;<font color=""#6f6f6f"">v.daum.net</font>",Google News RSS,success
google_news_rss,352940,"인바이오, 상반기 농협향 매출 71% 증가…""영업망 확대 효과"" - 마켓인",https://news.google.com/rss/articles/CBMic0FVX3lxTE53N19fYk5uSEp6OHRUZkg4dWxXLWgxV2E5djBER2M1N1IyMkFmY1JtVUFXY2ZnQ09zN3FyanFNMWQxTV9BdGRiOGh6STRqRktKZ3NtRHZqcjlZM29LcG5QeTZvVEZJeVFUemZIVVJBalgxUk0?oc=5,2026-07-29T07:00:00+00:00,"<a href=""https://news.google.com/rss/articles/CBMic0FVX3lxTE53N19fYk5uSEp6OHRUZkg4dWxXLWgxV2E5djBER2M1N1IyMkFmY1JtVUFXY2ZnQ09zN3FyanFNMWQxTV9BdGRiOGh6STRqRktKZ3NtRHZqcjlZM29LcG5QeTZvVEZJeVFUemZIVVJBalgxUk0?oc=5"" target=""_blank"">인바이오, 상반기 농협향 매출 71% 증가…""영업망 확대 효과""</a>&nbsp;&nbsp;<font color=""#6f6f6f"">마켓인</font>",Google News RSS,success
google_news_rss,352940,"거래소, 인바이오 불성실공시법인 지정 예고 - 마켓인",https://news.google.com/rss/articles/CBMic0FVX3lxTFBMZGV5OHRQWUs0SWtBX1l1c1g0WFNKSDQtUmNteHFUeFZDSnhBUHNWLXBMaWc5aUlpd3dMTEcxZURMdjJaQVZFZDNTem9BYWFIWmZ6eV9ISXI4ZXFDQmlvUkdacnowaXNCdXREX2MxaGdBWVU?oc=5,2026-07-24T07:00:00+00:00,"<a href=""https://news.google.com/rss/articles/CBMic0FVX3lxTFBMZGV5OHRQWUs0SWtBX1l1c1g0WFNKSDQtUmNteHFUeFZDSnhBUHNWLXBMaWc5aUlpd3dMTEcxZURMdjJaQVZFZDNTem9BYWFIWmZ6eV9ISXI4ZXFDQmlvUkdacnowaXNCdXREX2MxaGdBWVU?oc=5"" target=""_blank"">거래소, 인바이오 불성실공시법인 지정 예고</a>&nbsp;&nbsp;<font color=""#6f6f6f"">마켓인</font>",Google News RSS,success
google_news_rss,352940,"조인선 부사장, 인바이오 주식 1920주 장내매수로 지분율 0.51%로 증가 - 디지털투데이",https://news.google.com/rss/articles/CBMic0FVX3lxTE1LazlRRzVRNU4xSW92WThCT3FMdExmSm5IM3BkTnA4aTV3d2ZVajg4RDZKUHk3MXRZWE5FYTZFM3hBZDFyX01Ob0RjaDNobms2bnJrd0d3ajlXYTg2S0ZtckdxX0s1OEtJQXdXck9RTC1pZUk?oc=5,2026-07-07T07:00:00+00:00,"<a href=""https://news.google.com/rss/articles/CBMic0FVX3lxTE1LazlRRzVRNU4xSW92WThCT3FMdExmSm5IM3BkTnA4aTV3d2ZVajg4RDZKUHk3MXRZWE5FYTZFM3hBZDFyX01Ob0RjaDNobms2bnJrd0d3ajlXYTg2S0ZtckdxX0s1OEtJQXdXck9RTC1pZUk?oc=5"" target=""_blank"">조인선 부사장, 인바이오 주식 1920주 장내매수로 지분율 0.51%로 증가</a>&nbsp;&nbsp;<font color=""#6f6f6f"">디지털투데이</font>",Google News RSS,success
google_news_rss,352940,인바이오(352940) - 매일경제 마켓,https://news.google.com/rss/articles/CBMiWkFVX3lxTFBCMlQtYVpuUm9LWlV1bkcxWVBvNzBsamZXeFNRdHc2NXZSaE5KejBBVVJVY28xQlp0LUcyLWhHWmp4X1FpYkVCUGg3bENjc0x3UEpCZUdkRGhPUQ?oc=5,2023-03-12T05:06:40+00:00,"<a href=""https://news.google.com/rss/articles/CBMiWkFVX3lxTFBCMlQtYVpuUm9LWlV1bkcxWVBvNzBsamZXeFNRdHc2NXZSaE5KejBBVVJVY28xQlp0LUcyLWhHWmp4X1FpYkVCUGg3bENjc0x3UEpCZUdkRGhPUQ?oc=5"" target=""_blank"">인바이오(352940)</a>&nbsp;&nbsp;<font color=""#6f6f6f"">매일경제 마켓</font>",Google News RSS,success
google_news_rss,419540,[MK 골든크로스 돌파종목 : 주성코퍼레이션(109070) & 비스토스(419540)] - 매일경제 마켓,https://news.google.com/rss/articles/CBMiUkFVX3lxTE1zTy1ibDExSGF2cEhpSFRTd1YzT1hJUGJURFhVSGc1S3o3N3MzNWxGRXU5STdFejBlMFFETFhYQm02cXhheFhZRjZZOTJ5YWRIZ1E?oc=5,2026-06-22T07:00:00+00:00,"<a href=""https://news.google.com/rss/articles/CBMiUkFVX3lxTE1zTy1ibDExSGF2cEhpSFRTd1YzT1hJUGJURFhVSGc1S3o3N3MzNWxGRXU5STdFejBlMFFETFhYQm02cXhheFhZRjZZOTJ5YWRIZ1E?oc=5"" target=""_blank"">[MK 골든크로스 돌파종목 : 주성코퍼레이션(109070) & 비스토스(419540)]</a>&nbsp;&nbsp;<font color=""#6f6f6f"">매일경제 마켓</font>",Google News RSS,success
google_news_rss,419540,[MK 골든크로스 돌파종목 : 주성코퍼레이션(109070) & 비스토스(419540)] - 매일경제,https://news.google.com/rss/articles/CBMiUkFVX3lxTE85aXQ1amltZ2E3WGU1SDRJSkl3MkhVbk5pcm1vYjJObGNGMEhXWm1hMjlPeXVmQlFmbF9Nc1hodnRJYlBjNl9uSElwWUEyZDJQYlE?oc=5,2026-06-22T07:00:00+00:00,"<a href=""https://news.google.com/rss/articles/CBMiUkFVX3lxTE85aXQ1amltZ2E3WGU1SDRJSkl3MkhVbk5pcm1vYjJObGNGMEhXWm1hMjlPeXVmQlFmbF9Nc1hodnRJYlBjNl9uSElwWUEyZDJQYlE?oc=5"" target=""_blank"">[MK 골든크로스 돌파종목 : 주성코퍼레이션(109070) & 비스토스(419540)]</a>&nbsp;&nbsp;<font color=""#6f6f6f"">매일경제</font>",Google News RSS,success
google_news_rss,419540,비스토스 (419540) - 씽크풀 AI,https://news.google.com/rss/articles/CBMiS0FVX3lxTE02NXR0NzIxSlhTTHFXSFdZdVF6TnRYa3Z6V3RsVDhqeTAwS0dPa0xlc1FBWURTVU0zX3g2NnNiMS1pR1FNclV6bFNGSQ?oc=5,2022-11-17T20:14:32+00:00,"<a href=""https://news.google.com/rss/articles/CBMiS0FVX3lxTE02NXR0NzIxSlhTTHFXSFdZdVF6TnRYa3Z6V3RsVDhqeTAwS0dPa0xlc1FBWURTVU0zX3g2NnNiMS1pR1FNclV6bFNGSQ?oc=5"" target=""_blank"">비스토스 (419540)</a>&nbsp;&nbsp;<font color=""#6f6f6f"">씽크풀 AI</font>",Google News RSS,success
google_news_rss,419540,"비스토스, 최대주주 이후정 외 3인→씨유메디칼시스템 변경 - 마켓인",https://news.google.com/rss/articles/CBMic0FVX3lxTE8zS3Axam5YSHZWQmdRdThaWHRONGRDMU1hYWNoc25Wb0h0SW5IRGZUanotVXNQYU1HWURxRkZ4T2xJVThMWXhISlVabUItQm5IcDJBM2ZBN28tcUxweThfeGtoSU40R29BQUpEdFAwVjI2RnM?oc=5,2026-01-20T08:00:00+00:00,"<a href=""https://news.google.com/rss/articles/CBMic0FVX3lxTE8zS3Axam5YSHZWQmdRdThaWHRONGRDMU1hYWNoc25Wb0h0SW5IRGZUanotVXNQYU1HWURxRkZ4T2xJVThMWXhISlVabUItQm5IcDJBM2ZBN28tcUxweThfeGtoSU40R29BQUpEdFAwVjI2RnM?oc=5"" target=""_blank"">비스토스, 최대주주 이후정 외 3인→씨유메디칼시스템 변경</a>&nbsp;&nbsp;<font color=""#6f6f6f"">마켓인</font>",Google News RSS,success
google_news_rss,419540,"[데이터분석] 27일 오전 적출빈도가 높은 종목은?...태평양물산, 한국전력, 유니드비티플러스 등 - 인포스탁데일리",https://news.google.com/rss/articles/CBMidkFVX3lxTE9HVHVRWXR4TUU5MkVLT096WXk3U1JOVXhJWnhweFhMenJpemk0SDdEZjNid0x5aWJmNHNNcE95djJJY3Q3WHRTWmZQelMyXzlxSS1INTIzTFJYc01XX0dZTUNZd1hIcW82ZmY0cXlDWXlGZGJKcGc?oc=5,2023-06-27T07:00:00+00:00,"<a href=""https://news.google.com/rss/articles/CBMidkFVX3lxTE9HVHVRWXR4TUU5MkVLT096WXk3U1JOVXhJWnhweFhMenJpemk0SDdEZjNid0x5aWJmNHNNcE95djJJY3Q3WHRTWmZQelMyXzlxSS1INTIzTFJYc01XX0dZTUNZd1hIcW82ZmY0cXlDWXlGZGJKcGc?oc=5"" target=""_blank"">[데이터분석] 27일 오전 적출빈도가 높은 종목은?...태평양물산, 한국전력, 유니드비티플러스 등</a>&nbsp;&nbsp;<font color=""#6f6f6f"">인포스탁데일리</font>",Google News RSS,success
google_news_rss,045390,"[실적속보]대아티아이, 올해 2Q 매출액 305억(-21%) 영업이익 18억(-45%) (연결) - 씽크풀 AI",https://news.google.com/rss/articles/CBMiaEFVX3lxTFBKeHFMdEN5MXM4T0dkM1ZNQmR5bFVHQk4wbnQxVGJhVGVpQ0pJenNSU3VNcndQWU12LUUzbjlhOFJTZ3l4WE5LeDgwMkNPVERzV0JqY09UNVNsSzloX3c4bzNqYVBfSUZR?oc=5,2026-08-14T06:23:00+00:00,"<a href=""https://news.google.com/rss/articles/CBMiaEFVX3lxTFBKeHFMdEN5MXM4T0dkM1ZNQmR5bFVHQk4wbnQxVGJhVGVpQ0pJenNSU3VNcndQWU12LUUzbjlhOFJTZ3l4WE5LeDgwMkNPVERzV0JqY09UNVNsSzloX3c4bzNqYVBfSUZR?oc=5"" target=""_blank"">[실적속보]대아티아이, 올해 2Q 매출액 305억(-21%) 영업이익 18억(-45%) (연결)</a>&nbsp;&nbsp;<font color=""#6f6f6f"">씽크풀 AI</font>",Google News RSS,success
google_news_rss,045390,"[실적속보]대아티아이, 올해 1Q 매출액 286억(-28%) 영업이익 6.2억(-60%) (연결) - 씽크풀 AI",https://news.google.com/rss/articles/CBMiaEFVX3lxTE95QlZkd19FaF96UVNtYVYzeGNEVy0xMEFJSFpUVTZ5eDFCMXVhVXJSenY1Tl9JUWNSakdqaHF5VE9za2VZU1dLZ3dZdWtYY3otTFJSLVZWQnE5eHZjeVNrWnQ4MjVLV09R?oc=5,2026-05-14T16:07:40+00:00,"<a href=""https://news.google.com/rss/articles/CBMiaEFVX3lxTE95QlZkd19FaF96UVNtYVYzeGNEVy0xMEFJSFpUVTZ5eDFCMXVhVXJSenY1Tl9JUWNSakdqaHF5VE9za2VZU1dLZ3dZdWtYY3otTFJSLVZWQnE5eHZjeVNrWnQ4MjVLV09R?oc=5"" target=""_blank"">[실적속보]대아티아이, 올해 1Q 매출액 286억(-28%) 영업이익 6.2억(-60%) (연결)</a>&nbsp;&nbsp;<font color=""#6f6f6f"">씽크풀 AI</font>",Google News RSS,success
google_news_rss,045390,"대아티아이, 정태운·최종윤·장일수 각자 대표이사 체제로 변경 - edaily.co.kr",https://news.google.com/rss/articles/CBMigAFBVV95cUxNZFNSeHNCQ19iNWhLX2ZkdkhwWUlYdS1aTmpNYXNfQXA3Vk1ZLXRtd1hQUDdLcDNGdnFfRGFQakxxUzJ5MEtiYUp1Qk55cVM3ZUpKeDRzVmFQT0Vocjc2V2Z6c1RibEZxTzlubmxNaFVNck91eFl2NWdvd1FUbFA0Yg?oc=5,2026-03-26T07:00:00+00:00,"<a href=""https://news.google.com/rss/articles/CBMigAFBVV95cUxNZFNSeHNCQ19iNWhLX2ZkdkhwWUlYdS1aTmpNYXNfQXA3Vk1ZLXRtd1hQUDdLcDNGdnFfRGFQakxxUzJ5MEtiYUp1Qk55cVM3ZUpKeDRzVmFQT0Vocjc2V2Z6c1RibEZxTzlubmxNaFVNck91eFl2NWdvd1FUbFA0Yg?oc=5"" target=""_blank"">대아티아이, 정태운·최종윤·장일수 각자 대표이사 체제로 변경</a>&nbsp;&nbsp;<font color=""#6f6f6f"">edaily.co.kr</font>",Google News RSS,success
google_news_rss,045390,"대아티아이, 사외이사 박상순 신규선임 - 디지털투데이",https://news.google.com/rss/articles/CBMic0FVX3lxTFBmb21kOGpuN1FBRFhlQmFYWHFTNTBOSFBRWm9VVk5oU2daQ2xrRVNpa1NBLVpqc1ZjQ2U5M3BIZloxbzlyZURCQlpoYmFhX1EwRk55OHFJYUZsX3hSR1NJUlA0MmJiVmVLMmhvMWMxTHJiZW8?oc=5,2026-03-27T07:00:00+00:00,"<a href=""https://news.google.com/rss/articles/CBMic0FVX3lxTFBmb21kOGpuN1FBRFhlQmFYWHFTNTBOSFBRWm9VVk5oU2daQ2xrRVNpa1NBLVpqc1ZjQ2U5M3BIZloxbzlyZURCQlpoYmFhX1EwRk55OHFJYUZsX3hSR1NJUlA0MmJiVmVLMmhvMWMxTHJiZW8?oc=5"" target=""_blank"">대아티아이, 사외이사 박상순 신규선임</a>&nbsp;&nbsp;<font color=""#6f6f6f"">디지털투데이</font>",Google News RSS,success
google_news_rss,045390,대아티아이(045390) - 매일경제 마켓,https://news.google.com/rss/articles/CBMiYEFVX3lxTE5mUVQ3LWNHRU5iNkJWQjZRVVdJaVhYdmlYeThqdUdRVWRJTmtLd19LWVUxeVFScUlZZU1ZNU1pdEhvRy04RFlqQTZtTEJFaDlLQkhDeGFBNkhJUWhobnpLUQ?oc=5,2023-03-13T10:55:38+00:00,"<a href=""https://news.google.com/rss/articles/CBMiYEFVX3lxTE5mUVQ3LWNHRU5iNkJWQjZRVVdJaVhYdmlYeThqdUdRVWRJTmtLd19LWVUxeVFScUlZZU1ZNU1pdEhvRy04RFlqQTZtTEJFaDlLQkhDeGFBNkhJUWhobnpLUQ?oc=5"" target=""_blank"">대아티아이(045390)</a>&nbsp;&nbsp;<font color=""#6f6f6f"">매일경제 마켓</font>",Google News RSS,success
google_news_rss,005960,동부건설(005960) - 씽크풀 AI,https://news.google.com/rss/articles/CBMiYEFVX3lxTE11bEdpalpudjQydUNJX2FnakdTdzVZc1A4b1RpVjBXM2ZSQmNEOUp4dVpBNnRiTjlFZlRUZ2l4cV9qVGJxNEpXQlhGeDFsY3VlQklEdEZPcTRYNEFhM1RCTw?oc=5,2026-08-10T02:56:00+00:00,"<a href=""https://news.google.com/rss/articles/CBMiYEFVX3lxTE11bEdpalpudjQydUNJX2FnakdTdzVZc1A4b1RpVjBXM2ZSQmNEOUp4dVpBNnRiTjlFZlRUZ2l4cV9qVGJxNEpXQlhGeDFsY3VlQklEdEZPcTRYNEFhM1RCTw?oc=5"" target=""_blank"">동부건설(005960)</a>&nbsp;&nbsp;<font color=""#6f6f6f"">씽크풀 AI</font>",Google News RSS,success
google_news_rss,005960,[MK 골든크로스 돌파종목 : SNT에너지(100840) & 동부건설(005960)] - 매일경제 마켓,https://news.google.com/rss/articles/CBMiUkFVX3lxTE1CR3JaUUNPd0pPRUo1UmpoY0tha3lWSGV4OUdHUWVTcGFQd25Rc0Y4eGZoZnI4UXJSZHl6WmJCNG11S2htUVpCeDh5TTBUaU5jLXc?oc=5,2026-03-23T07:00:00+00:00,"<a href=""https://news.google.com/rss/articles/CBMiUkFVX3lxTE1CR3JaUUNPd0pPRUo1UmpoY0tha3lWSGV4OUdHUWVTcGFQd25Rc0Y4eGZoZnI4UXJSZHl6WmJCNG11S2htUVpCeDh5TTBUaU5jLXc?oc=5"" target=""_blank"">[MK 골든크로스 돌파종목 : SNT에너지(100840) & 동부건설(005960)]</a>&nbsp;&nbsp;<font color=""#6f6f6f"">매일경제 마켓</font>",Google News RSS,success
google_news_rss,005960,"동부건설, 상반기 순이익 391억 원…전년比 267% 급증 - 서울경제",https://news.google.com/rss/articles/CBMiUkFVX3lxTE5UNGFyeTNpOURKaW9PWGlpMjhUNC1TM0tiWm1CYTJxSHg2WEhOS3RPU21qOVlPSy1Ib2h0WThvcjMyTFBsVUNJbWdKZXFkazNnR0E?oc=5,2026-08-14T07:12:39+00:00,"<a href=""https://news.google.com/rss/articles/CBMiUkFVX3lxTE5UNGFyeTNpOURKaW9PWGlpMjhUNC1TM0tiWm1CYTJxSHg2WEhOS3RPU21qOVlPSy1Ib2h0WThvcjMyTFBsVUNJbWdKZXFkazNnR0E?oc=5"" target=""_blank"">동부건설, 상반기 순이익 391억 원…전년比 267% 급증</a>&nbsp;&nbsp;<font color=""#6f6f6f"">서울경제</font>",Google News RSS,success
google_news_rss,005960,"특징주, 동부건설-GTX 테마 상승세에 0.75% ↑ - 매일경제 마켓",https://news.google.com/rss/articles/CBMiUkFVX3lxTFBHUWdYZVFDY0RDVTMyM05qZVQxbk5reDhaVERmU2JDNEYyT2VtQ0trTXREanRjTjNJMGZoanZaWG40aVV0akVQQVBTQ0ZZbVYtOUE?oc=5,2026-08-05T07:00:00+00:00,"<a href=""https://news.google.com/rss/articles/CBMiUkFVX3lxTFBHUWdYZVFDY0RDVTMyM05qZVQxbk5reDhaVERmU2JDNEYyT2VtQ0trTXREanRjTjNJMGZoanZaWG40aVV0akVQQVBTQ0ZZbVYtOUE?oc=5"" target=""_blank"">특징주, 동부건설-GTX 테마 상승세에 0.75% ↑</a>&nbsp;&nbsp;<font color=""#6f6f6f"">매일경제 마켓</font>",Google News RSS,success
google_news_rss,005960,"동부건설 수주공시 - 광교 A17블록 및 하남교산 A1블록 민간참여 공공주택사업 2,189.2억원 (매출액대비 12.97 %) - 한국경제",https://news.google.com/rss/articles/CBMiWkFVX3lxTFBud3BJUnl6VXlTaWhkM2ZZUnJVWHJDVm5ieGxYREZHSjhkT2I2S2FMZm05RGNfMW8xS1JnV1BRMVZJX2JWZ3p5b2pOV0JVRTJIN2lFUndZejRpZw?oc=5,2026-02-27T08:00:00+00:00,"<a href=""https://news.google.com/rss/articles/CBMiWkFVX3lxTFBud3BJUnl6VXlTaWhkM2ZZUnJVWHJDVm5ieGxYREZHSjhkT2I2S2FMZm05RGNfMW8xS1JnV1BRMVZJX2JWZ3p5b2pOV0JVRTJIN2lFUndZejRpZw?oc=5"" target=""_blank"">동부건설 수주공시 - 광교 A17블록 및 하남교산 A1블록 민간참여 공공주택사업 2,189.2억원 (매출액대비 12.97 %)</a>&nbsp;&nbsp;<font color=""#6f6f6f"">한국경제</font>",Google News RSS,success
google_news_rss,241840,SIGNAL - 서울경제,https://news.google.com/rss/articles/CBMic0FVX3lxTFBOZEdyRjdYNlB2Vm9oZW9zYVp6RWtBNHZxbThTMWxzOEhrX3lZUmlNc1Q4eXg3TUpPNkxXWmQ3a0tDMEJaeXA3a05YQXYzVndpYThsbURyMk1menV5dUhGOGZoWDROdWhfLWNobFNhVGlPRFk?oc=5,2026-08-10T21:44:08+00:00,"<a href=""https://news.google.com/rss/articles/CBMic0FVX3lxTFBOZEdyRjdYNlB2Vm9oZW9zYVp6RWtBNHZxbThTMWxzOEhrX3lZUmlNc1Q4eXg3TUpPNkxXWmQ3a0tDMEJaeXA3a05YQXYzVndpYThsbURyMk1menV5dUhGOGZoWDROdWhfLWNobFNhVGlPRFk?oc=5"" target=""_blank"">SIGNAL</a>&nbsp;&nbsp;<font color=""#6f6f6f"">서울경제</font>",Google News RSS,success
google_news_rss,241840,"[실적속보]에이스토리, 올해 1Q 매출액 67.1억(+432%) 영업이익 -12.1억(적자지속) (연결) - 씽크풀 AI",https://news.google.com/rss/articles/CBMiaEFVX3lxTE5rZzNtal9GR3VnM1oxMmVoN1o5V2tia184SWl4a2l2eURFVGkyZk5xZThLV0pPTi1jRnd6VjRzNjJIRDFzUmloLWYwQ0doc1NFZzR6dVJ0TnVieDcxMkJBUmtGX08yWDVy?oc=5,2026-05-15T07:00:00+00:00,"<a href=""https://news.google.com/rss/articles/CBMiaEFVX3lxTE5rZzNtal9GR3VnM1oxMmVoN1o5V2tia184SWl4a2l2eURFVGkyZk5xZThLV0pPTi1jRnd6VjRzNjJIRDFzUmloLWYwQ0doc1NFZzR6dVJ0TnVieDcxMkJBUmtGX08yWDVy?oc=5"" target=""_blank"">[실적속보]에이스토리, 올해 1Q 매출액 67.1억(+432%) 영업이익 -12.1억(적자지속) (연결)</a>&nbsp;&nbsp;<font color=""#6f6f6f"">씽크풀 AI</font>",Google News RSS,success
google_news_rss,241840,"에이스토리, 드라마 '크래시 시즌2' 방영권 라이센스 계약 - 마켓인",https://news.google.com/rss/articles/CBMic0FVX3lxTE4wcW1xTzdWbk03MlJUMnVCTmhteTFIQ194RVZOZ0JaQXNRSktwWHRsUUtsWWxScUhXMlBCZTBETkd3bUtWTVotRjJRM3BqZEJaUmEweUhhNVQ1dGdGM0hfR3ZIVlNPMWRyWW1XMTBsNktNZUE?oc=5,2026-06-16T07:00:00+00:00,"<a href=""https://news.google.com/rss/articles/CBMic0FVX3lxTE4wcW1xTzdWbk03MlJUMnVCTmhteTFIQ194RVZOZ0JaQXNRSktwWHRsUUtsWWxScUhXMlBCZTBETkd3bUtWTVotRjJRM3BqZEJaUmEweUhhNVQ1dGdGM0hfR3ZIVlNPMWRyWW1XMTBsNktNZUE?oc=5"" target=""_blank"">에이스토리, 드라마 '크래시 시즌2' 방영권 라이센스 계약</a>&nbsp;&nbsp;<font color=""#6f6f6f"">마켓인</font>",Google News RSS,success
google_news_rss,241840,"에이스토리, 스튜디오드래곤과 드라마 제작 공급 계약 체결 - 디지털투데이",https://news.google.com/rss/articles/CBMic0FVX3lxTE9ENU1pNFlJcFNCU3FGOGN2UGZTM3ZJVnE2VW1rNnNEb0ZqTllYX0hGUXl4X2RNbVhGM2trOXlmXzJTNVdWRnlXVzllSDAzNE04YVJSaGNLcFlVdDBDcFFwQVlQLWV5YnpwNFZZUVJuc3I1ME0?oc=5,2026-07-09T07:00:00+00:00,"<a href=""https://news.google.com/rss/articles/CBMic0FVX3lxTE9ENU1pNFlJcFNCU3FGOGN2UGZTM3ZJVnE2VW1rNnNEb0ZqTllYX0hGUXl4X2RNbVhGM2trOXlmXzJTNVdWRnlXVzllSDAzNE04YVJSaGNLcFlVdDBDcFFwQVlQLWV5YnpwNFZZUVJuc3I1ME0?oc=5"" target=""_blank"">에이스토리, 스튜디오드래곤과 드라마 제작 공급 계약 체결</a>&nbsp;&nbsp;<font color=""#6f6f6f"">디지털투데이</font>",Google News RSS,success
google_news_rss,241840,에이스토리 수주공시 - 드라마 제작공급 계약 - 네이트,https://news.google.com/rss/articles/CBMiU0FVX3lxTE9SOUtkMUZoS0tFTjRIYXBSckhxSUU3cldzaTZLXzhVdmNBMFlPeDRORGotbG0tbzFJRFJPVnd2TkVMR3VXNEVKYkU3MG11MU1MTzhJ?oc=5,2026-07-09T07:00:00+00:00,"<a href=""https://news.google.com/rss/articles/CBMiU0FVX3lxTE9SOUtkMUZoS0tFTjRIYXBSckhxSUU3cldzaTZLXzhVdmNBMFlPeDRORGotbG0tbzFJRFJPVnd2TkVMR3VXNEVKYkU3MG11MU1MTzhJ?oc=5"" target=""_blank"">에이스토리 수주공시 - 드라마 제작공급 계약</a>&nbsp;&nbsp;<font color=""#6f6f6f"">네이트</font>",Google News RSS,success
google_news_rss,038680,"에스넷시스템, AI 인프라 누적 수주 1400억…GPU 공급 넘어 운영·에이전틱 AI로 확장 - v.daum.net",https://news.google.com/rss/articles/CBMiT0FVX3lxTE1yaTFWenlzVlhqNlJZX2c2alhlZUpNNXJUMk01OWdTY1p3ckpDOGhrV1JsbWtuTWpUbHlGY0Z3QWdiWl9aQTdBcjZyQTYzZWc?oc=5,2026-08-18T01:32:48+00:00,"<a href=""https://news.google.com/rss/articles/CBMiT0FVX3lxTE1yaTFWenlzVlhqNlJZX2c2alhlZUpNNXJUMk01OWdTY1p3ckpDOGhrV1JsbWtuTWpUbHlGY0Z3QWdiWl9aQTdBcjZyQTYzZWc?oc=5"" target=""_blank"">에스넷시스템, AI 인프라 누적 수주 1400억…GPU 공급 넘어 운영·에이전틱 AI로 확장</a>&nbsp;&nbsp;<font color=""#6f6f6f"">v.daum.net</font>",Google News RSS,success
google_news_rss,038680,에스넷(038680) - 씽크풀 AI,https://news.google.com/rss/articles/CBMiYEFVX3lxTFBKaWtCRHFGQkppQTMyNS1kdmVNdzU5cV9la1lRZ05vSnkyZjd4bjVCeUhKci1NNFl1aTRfM1gzTnNoT05GenFMOGUyYVlseENHOG9OdFRjRVd3aWZrcW1tMQ?oc=5,2026-08-03T01:23:00+00:00,"<a href=""https://news.google.com/rss/articles/CBMiYEFVX3lxTFBKaWtCRHFGQkppQTMyNS1kdmVNdzU5cV9la1lRZ05vSnkyZjd4bjVCeUhKci1NNFl1aTRfM1gzTnNoT05GenFMOGUyYVlseENHOG9OdFRjRVd3aWZrcW1tMQ?oc=5"" target=""_blank"">에스넷(038680)</a>&nbsp;&nbsp;<font color=""#6f6f6f"">씽크풀 AI</font>",Google News RSS,success
google_news_rss,038680,"에스넷시스템, AI 인프라 수주 잇따라…올해 누적 1400억 확보 - edaily.co.kr",https://news.google.com/rss/articles/CBMigAFBVV95cUxPbjBDZnZWbDFDMngyNzN4a0gxRjFqOHFUdXdNcmkzLUVzVTdQVl82MVhEa0RRX2o4YTRrVEtqdHZxS0hiNFpnZ1ZjUGtGTWdmS016dWlqZzBYLTEzNmdCX1Y3RzJJaENiZFFUZkdPa1IzMUF2bVZMV3lhV01xN3d3MA?oc=5,2026-08-18T05:09:53+00:00,"<a href=""https://news.google.com/rss/articles/CBMigAFBVV95cUxPbjBDZnZWbDFDMngyNzN4a0gxRjFqOHFUdXdNcmkzLUVzVTdQVl82MVhEa0RRX2o4YTRrVEtqdHZxS0hiNFpnZ1ZjUGtGTWdmS016dWlqZzBYLTEzNmdCX1Y3RzJJaENiZFFUZkdPa1IzMUF2bVZMV3lhV01xN3d3MA?oc=5"" target=""_blank"">에스넷시스템, AI 인프라 수주 잇따라…올해 누적 1400억 확보</a>&nbsp;&nbsp;<font color=""#6f6f6f"">edaily.co.kr</font>",Google News RSS,success
google_news_rss,038680,"특징주, 에스넷-네트워크통합 테마 상승세에 18.79% ↑ - 매일경제 마켓",https://news.google.com/rss/articles/CBMiUkFVX3lxTE90UzQxNE9vMXpIX2licEVCSmVjOV9lRGlSaldBeGNicUhjUlNIc2NxbUFyalpFQ0ljZjFxQ2VRTlhHX3VMQVpWeEQyUXBJdzZLcHc?oc=5,2026-07-21T07:00:00+00:00,"<a href=""https://news.google.com/rss/articles/CBMiUkFVX3lxTE90UzQxNE9vMXpIX2licEVCSmVjOV9lRGlSaldBeGNicUhjUlNIc2NxbUFyalpFQ0ljZjFxQ2VRTlhHX3VMQVpWeEQyUXBJdzZLcHc?oc=5"" target=""_blank"">특징주, 에스넷-네트워크통합 테마 상승세에 18.79% ↑</a>&nbsp;&nbsp;<font color=""#6f6f6f"">매일경제 마켓</font>",Google News RSS,success
google_news_rss,038680,"이상엽 전무, 에스넷 주식 5000주 증가 - 디지털투데이",https://news.google.com/rss/articles/CBMic0FVX3lxTFBMaDZuQndlX0djVDY1N08wYXZJcXpXcFk4ZFpCNGR6VU5MbTM4ekx1dHNGcHp2S1NSVTZ0UEVsbmtycXFKSzk2ZEhfdmFtY1pCdDVmM1EzODJ0Tzg5dGQ3VTNxVlNWQ243UGRDQWVKX2xEQlk?oc=5,2026-05-19T07:00:00+00:00,"<a href=""https://news.google.com/rss/articles/CBMic0FVX3lxTFBMaDZuQndlX0djVDY1N08wYXZJcXpXcFk4ZFpCNGR6VU5MbTM4ekx1dHNGcHp2S1NSVTZ0UEVsbmtycXFKSzk2ZEhfdmFtY1pCdDVmM1EzODJ0Tzg5dGQ3VTNxVlNWQ243UGRDQWVKX2xEQlk?oc=5"" target=""_blank"">이상엽 전무, 에스넷 주식 5000주 증가</a>&nbsp;&nbsp;<font color=""#6f6f6f"">디지털투데이</font>",Google News RSS,success
google_news_rss,나인앤컴퍼니,"일동제약-나인앤컴퍼니, 뷰티·헬스케어 합작법인 설립 - 데일리팜",https://news.google.com/rss/articles/CBMiUEFVX3lxTE96TGtnWnZMV3FRME1wQzd3Z1dNV2tPTm1xRVNHZ3QxTUp3T2FuYWl1cVZFNVRtN2hZM0dmWjFWOTg4OFJ5T1JGMzh3YVZHeFdv?oc=5,2026-08-20T07:00:32+00:00,"<a href=""https://news.google.com/rss/articles/CBMiUEFVX3lxTE96TGtnWnZMV3FRME1wQzd3Z1dNV2tPTm1xRVNHZ3QxTUp3T2FuYWl1cVZFNVRtN2hZM0dmWjFWOTg4OFJ5T1JGMzh3YVZHeFdv?oc=5"" target=""_blank"">일동제약-나인앤컴퍼니, 뷰티·헬스케어 합작법인 설립</a>&nbsp;&nbsp;<font color=""#6f6f6f"">데일리팜</font>",Google News RSS,success
google_news_rss,나인앤컴퍼니,"일동제약, 나인앤컴퍼니와 뷰티·헬스케어 합작법인 설립 추진 - 메디코파마",https://news.google.com/rss/articles/CBMickFVX3lxTE9ld1dhY0d1UDVwYXJ1UXdyYV9fcngwbmVDSmg5OU5fZW1DekxwcVdjMzh1UmEwRmxfc1pLNFR0blVqcTNaRVFrVmdHNVpoS2pObkxzQldyNHRCd3RjSmt6WG9xN1ZNSjRidTJHQk5CdzUxZw?oc=5,2026-08-20T07:33:56+00:00,"<a href=""https://news.google.com/rss/articles/CBMickFVX3lxTE9ld1dhY0d1UDVwYXJ1UXdyYV9fcngwbmVDSmg5OU5fZW1DekxwcVdjMzh1UmEwRmxfc1pLNFR0blVqcTNaRVFrVmdHNVpoS2pObkxzQldyNHRCd3RjSmt6WG9xN1ZNSjRidTJHQk5CdzUxZw?oc=5"" target=""_blank"">일동제약, 나인앤컴퍼니와 뷰티·헬스케어 합작법인 설립 추진</a>&nbsp;&nbsp;<font color=""#6f6f6f"">메디코파마</font>",Google News RSS,success
google_news_rss,나인앤컴퍼니,"일동제약, 나인앤컴퍼니와 뷰티·헬스케어 합작법인 설립 MOU 체결 - 팜뉴스",https://news.google.com/rss/articles/CBMibEFVX3lxTE9KV2JqVWZVQzQwR0c2SVpQVndYZVVzbUpIOE9XbW9uUUp3dTZnSzZNMUs3aVQ2LWJQWU9QNDFub2V3TnZGQmw2anNtWFJQcUtLdWtjdVhpQzg3c2NNTnhrQzBDX0FiQXZXb3BjdQ?oc=5,2026-08-20T07:09:34+00:00,"<a href=""https://news.google.com/rss/articles/CBMibEFVX3lxTE9KV2JqVWZVQzQwR0c2SVpQVndYZVVzbUpIOE9XbW9uUUp3dTZnSzZNMUs3aVQ2LWJQWU9QNDFub2V3TnZGQmw2anNtWFJQcUtLdWtjdVhpQzg3c2NNTnhrQzBDX0FiQXZXb3BjdQ?oc=5"" target=""_blank"">일동제약, 나인앤컴퍼니와 뷰티·헬스케어 합작법인 설립 MOU 체결</a>&nbsp;&nbsp;<font color=""#6f6f6f"">팜뉴스</font>",Google News RSS,success
google_news_rss,나인앤컴퍼니,"일동제약, 패션 전문기업 ‘나인앤컴퍼니’와 뷰티·헬스케어 합작법인 설립 MOU - 더바이오",https://news.google.com/rss/articles/CBMibEFVX3lxTFBfNTBZRzRsNHR0cjR5ckgwdkJKUUtXY1d4RGhKd1BSc2xFRUhZR3dXYjJCVEtCS0tDX1lFMER5b09TN0Z6N1VxRjZQdW12UXdMQnlKaWdGOGdqWl80cV91eE53cVNGZnM3WGNnRNIBcEFVX3lxTE5nZU9panNMVGhKQzczcnBmUHFDbXgwS2JfSVBHaEJzQmNwajFUbmlWbmVaSkt5U1RlYXBkVnQzSmNwMmRVTGJIem04TVN0b2lUNGJ1OHdHcmQwc1FMUm5DNzVfX0kzeGwyaGEwTG1LQzg?oc=5,2026-08-20T06:07:17+00:00,"<a href=""https://news.google.com/rss/articles/CBMibEFVX3lxTFBfNTBZRzRsNHR0cjR5ckgwdkJKUUtXY1d4RGhKd1BSc2xFRUhZR3dXYjJCVEtCS0tDX1lFMER5b09TN0Z6N1VxRjZQdW12UXdMQnlKaWdGOGdqWl80cV91eE53cVNGZnM3WGNnRNIBcEFVX3lxTE5nZU9panNMVGhKQzczcnBmUHFDbXgwS2JfSVBHaEJzQmNwajFUbmlWbmVaSkt5U1RlYXBkVnQzSmNwMmRVTGJIem04TVN0b2lUNGJ1OHdHcmQwc1FMUm5DNzVfX0kzeGwyaGEwTG1LQzg?oc=5"" target=""_blank"">일동제약, 패션 전문기업 ‘나인앤컴퍼니’와 뷰티·헬스케어 합작법인 설립 MOU</a>&nbsp;&nbsp;<font color=""#6f6f6f"">더바이오</font>",Google News RSS,success
google_news_rss,나인앤컴퍼니,"일동제약, 나인앤컴퍼니와 뷰티·헬스케어 합작법인 설립 - 메디팜스투데이",https://news.google.com/rss/articles/CBMiaEFVX3lxTFBadkpHejZrdEN0VWxFQ21hU05PbU9TWjRCS1ptZU54eUttajVQSFZZV3lUT01pbV9odlJtQ0dFY1I4Z0ItRGVHTGlUUy1uVVJKRlYzc2lSZF9ncjNrTjdrTldoMzgzdmU0?oc=5,2026-08-20T07:30:10+00:00,"<a href=""https://news.google.com/rss/articles/CBMiaEFVX3lxTFBadkpHejZrdEN0VWxFQ21hU05PbU9TWjRCS1ptZU54eUttajVQSFZZV3lUT01pbV9odlJtQ0dFY1I4Z0ItRGVHTGlUUy1uVVJKRlYzc2lSZF9ncjNrTjdrTldoMzgzdmU0?oc=5"" target=""_blank"">일동제약, 나인앤컴퍼니와 뷰티·헬스케어 합작법인 설립</a>&nbsp;&nbsp;<font color=""#6f6f6f"">메디팜스투데이</font>",Google News RSS,success
google_news_rss,368970,"[실적속보]오에스피, 올해 2Q 매출액 69.5억(+17%) 영업이익 4.7억(흑자전환) (연결) - 씽크풀 AI",https://news.google.com/rss/articles/CBMiaEFVX3lxTE13LUk2djhoQldRR3lrTmdBOW0wZE5OdW9DcmNwRzFDZUpRbWxQbUJCb0oyYU1oS1YtU19GZEtjOHFwWnF6WG10X2JObXROQmJiUndFUlpwMWcyY1NnblZob3A2QmpiaVF5?oc=5,2026-08-14T22:01:23+00:00,"<a href=""https://news.google.com/rss/articles/CBMiaEFVX3lxTE13LUk2djhoQldRR3lrTmdBOW0wZE5OdW9DcmNwRzFDZUpRbWxQbUJCb0oyYU1oS1YtU19GZEtjOHFwWnF6WG10X2JObXROQmJiUndFUlpwMWcyY1NnblZob3A2QmpiaVF5?oc=5"" target=""_blank"">[실적속보]오에스피, 올해 2Q 매출액 69.5억(+17%) 영업이익 4.7억(흑자전환) (연결)</a>&nbsp;&nbsp;<font color=""#6f6f6f"">씽크풀 AI</font>",Google News RSS,success
google_news_rss,368970,"인디고, 고양이 간식 ‘펫 오리진 데일리스틱’ 2종 출시 - 서울경제",https://news.google.com/rss/articles/CBMiUkFVX3lxTE1yZ29DSVhBeXIyem5Sb2Z6eHg2MklzS3ZnU0xGX2RsWHZIcHppbS1mLXNTUHRrQU04cDJ5SVhKREdiZjN2UnZrWnFQd3kwSmFmcFHSAVNBVV95cUxOVk9FVXYzQTU5T2J0ODRBNmFXR2puSDhPVmFYbVhOenB4ZFg0aDlSOGdfSkpiX0FhUzlQVVMzVm9fSzZqdnZqeGY0VzducjRRTkRnTQ?oc=5,2026-06-02T04:26:38+00:00,"<a href=""https://news.google.com/rss/articles/CBMiUkFVX3lxTE1yZ29DSVhBeXIyem5Sb2Z6eHg2MklzS3ZnU0xGX2RsWHZIcHppbS1mLXNTUHRrQU04cDJ5SVhKREdiZjN2UnZrWnFQd3kwSmFmcFHSAVNBVV95cUxOVk9FVXYzQTU5T2J0ODRBNmFXR2puSDhPVmFYbVhOenB4ZFg0aDlSOGdfSkpiX0FhUzlQVVMzVm9fSzZqdnZqeGY0VzducjRRTkRnTQ?oc=5"" target=""_blank"">인디고, 고양이 간식 ‘펫 오리진 데일리스틱’ 2종 출시</a>&nbsp;&nbsp;<font color=""#6f6f6f"">서울경제</font>",Google News RSS,success
google_news_rss,368970,"[실적속보]오에스피, 작년 4Q 매출액 65.6억(+0.3%) 영업이익 0 (연결) - 씽크풀 AI",https://news.google.com/rss/articles/CBMiaEFVX3lxTE1LRm5hSlRxekp1UktXdFY1OTA3VHUwd0dERVAyelcwVGs4Z201Q2xYcmE5RHQ2STVJQllNcS1KZmxyZmJreFg0Z1ZXVHUzbVRGQjRPSFJlc3gyZjBOM1IwNkVzVDJMaU5V?oc=5,2026-03-21T21:00:13+00:00,"<a href=""https://news.google.com/rss/articles/CBMiaEFVX3lxTE1LRm5hSlRxekp1UktXdFY1OTA3VHUwd0dERVAyelcwVGs4Z201Q2xYcmE5RHQ2STVJQllNcS1KZmxyZmJreFg0Z1ZXVHUzbVRGQjRPSFJlc3gyZjBOM1IwNkVzVDJMaU5V?oc=5"" target=""_blank"">[실적속보]오에스피, 작년 4Q 매출액 65.6억(+0.3%) 영업이익 0 (연결)</a>&nbsp;&nbsp;<font color=""#6f6f6f"">씽크풀 AI</font>",Google News RSS,success
google_news_rss,368970,"오에스피, 20억원 유상증자…에스플러스온에 제3자배정 - 매일경제 마켓",https://news.google.com/rss/articles/CBMiUkFVX3lxTE9jXzdKUjdyNXhpQUQ2UllxdnBBNkU4SVpIWENwbXRaZVZNa2UwNXRYMnBGTnBCSzdkNU9nUXpvNmRvVEZCQU1CUi03ZkJ1YzJJcVE?oc=5,2026-07-28T07:00:00+00:00,"<a href=""https://news.google.com/rss/articles/CBMiUkFVX3lxTE9jXzdKUjdyNXhpQUQ2UllxdnBBNkU4SVpIWENwbXRaZVZNa2UwNXRYMnBGTnBCSzdkNU9nUXpvNmRvVEZCQU1CUi03ZkJ1YzJJcVE?oc=5"" target=""_blank"">오에스피, 20억원 유상증자…에스플러스온에 제3자배정</a>&nbsp;&nbsp;<font color=""#6f6f6f"">매일경제 마켓</font>",Google News RSS,success
google_news_rss,368970,"“유발 하라리, ‘PC주의’에 가장 적합한 역사적 관점” : 목회/신학 - 크리스천투데이",https://news.google.com/rss/articles/CBMiV0FVX3lxTFBrWDNOc3p6aWJsX1dDSm1QcUJvcWFCLUhhOXdZRXNKb3JPc1hqSmRzNnNERmh2WG5GTE43NzUxMTdXNnFIQzA0VHdfZkhYOWNoYVVpa1NNMA?oc=5,2025-06-22T07:00:00+00:00,"<a href=""https://news.google.com/rss/articles/CBMiV0FVX3lxTFBrWDNOc3p6aWJsX1dDSm1QcUJvcWFCLUhhOXdZRXNKb3JPc1hqSmRzNnNERmh2WG5GTE43NzUxMTdXNnFIQzA0VHdfZkhYOWNoYVVpa1NNMA?oc=5"" target=""_blank"">“유발 하라리, ‘PC주의’에 가장 적합한 역사적 관점” : 목회/신학</a>&nbsp;&nbsp;<font color=""#6f6f6f"">크리스천투데이</font>",Google News RSS,success
google_news_rss,033310,"[실적속보]엠투엔, 올해 2Q 매출액 228억(-5.4%) 영업이익 6.6억(-56%) (연결) - 씽크풀 AI",https://news.google.com/rss/articles/CBMiaEFVX3lxTE1GQmI0QTAydjlhNXRoSVJGbzRIUGd4QjllN1lLT21DWGR4UlhTVG80TWRad19BTXhZOFJWWk94anRaSXhlTmdCbFY0S0dCT1dIS2NBekdOa205UFFKcmM0b3R0NkRqYVJ5?oc=5,2026-08-17T01:16:42+00:00,"<a href=""https://news.google.com/rss/articles/CBMiaEFVX3lxTE1GQmI0QTAydjlhNXRoSVJGbzRIUGd4QjllN1lLT21DWGR4UlhTVG80TWRad19BTXhZOFJWWk94anRaSXhlTmdCbFY0S0dCT1dIS2NBekdOa205UFFKcmM0b3R0NkRqYVJ5?oc=5"" target=""_blank"">[실적속보]엠투엔, 올해 2Q 매출액 228억(-5.4%) 영업이익 6.6억(-56%) (연결)</a>&nbsp;&nbsp;<font color=""#6f6f6f"">씽크풀 AI</font>",Google News RSS,success
google_news_rss,033310,"엠투엔, 상반기 당기순이익 44억원…전년 대비 485% 증가:약품신문 - 약품신문",https://news.google.com/rss/articles/CBMiUEFVX3lxTFBoN3U1ZlBJczlrMi10VWJicE05RXkwTVBFR0J3SGVtQ09IcnhlandtcHNrX1JnSFkxMHNfTXdwdDBpYWFIMUxZdVhRQnJFaWR60gFgQVVfeXFMT3V0UTBybGhMZWVXcWNXYnFzTFpjeThxUVhrSHVNWHQ5WUY3LXVHMnpqeWkxeWJqeGZJenJ4Y3hoN0xQeEt0T1VtWFFqdVdfYnRPa1VPZ0V5M0ZMYkF2ZHZw?oc=5,2026-08-18T00:46:00+00:00,"<a href=""https://news.google.com/rss/articles/CBMiUEFVX3lxTFBoN3U1ZlBJczlrMi10VWJicE05RXkwTVBFR0J3SGVtQ09IcnhlandtcHNrX1JnSFkxMHNfTXdwdDBpYWFIMUxZdVhRQnJFaWR60gFgQVVfeXFMT3V0UTBybGhMZWVXcWNXYnFzTFpjeThxUVhrSHVNWHQ5WUY3LXVHMnpqeWkxeWJqeGZJenJ4Y3hoN0xQeEt0T1VtWFFqdVdfYnRPa1VPZ0V5M0ZMYkF2ZHZw?oc=5"" target=""_blank"">엠투엔, 상반기 당기순이익 44억원…전년 대비 485% 증가:약품신문</a>&nbsp;&nbsp;<font color=""#6f6f6f"">약품신문</font>",Google News RSS,success
google_news_rss,033310,"엠투엔, 상환전환우선주 185만주 소각 결정 - 마켓인",https://news.google.com/rss/articles/CBMic0FVX3lxTE5xc0VBWXhrRG5ubjN0SnhDV1hqR1lNUWIxblE4blo5aTNzREt1U21nakxYbFJXWnhNdEFQU2M2a09WTWkxMFZfSTNkY25nNlNzMlEtNlotUHJweTFFWmxIQS1Ub2dlQTRWdGFXblhMZm81eVE?oc=5,2026-04-17T07:00:00+00:00,"<a href=""https://news.google.com/rss/articles/CBMic0FVX3lxTE5xc0VBWXhrRG5ubjN0SnhDV1hqR1lNUWIxblE4blo5aTNzREt1U21nakxYbFJXWnhNdEFQU2M2a09WTWkxMFZfSTNkY25nNlNzMlEtNlotUHJweTFFWmxIQS1Ub2dlQTRWdGFXblhMZm81eVE?oc=5"" target=""_blank"">엠투엔, 상환전환우선주 185만주 소각 결정</a>&nbsp;&nbsp;<font color=""#6f6f6f"">마켓인</font>",Google News RSS,success
google_news_rss,033310,"엠투엔, 지난해 당기순손실 5억9648만원…전년 대비 적자전환 - 디지털투데이",https://news.google.com/rss/articles/CBMic0FVX3lxTE1LWjM4b0E5QTBaSVlfV3dIQ05KRHFlQWFoanVlNmVYZjRhRll1X0FuTVhRLTh1cmw0SUhxV3lXcWt3VlBwMmd1ZE13UXBPMHEzeVZ6Vkw3Q3JzbzBKVGhuWmIxenRCaFpERWE2TUZQNjFaaTA?oc=5,2026-03-12T07:00:00+00:00,"<a href=""https://news.google.com/rss/articles/CBMic0FVX3lxTE1LWjM4b0E5QTBaSVlfV3dIQ05KRHFlQWFoanVlNmVYZjRhRll1X0FuTVhRLTh1cmw0SUhxV3lXcWt3VlBwMmd1ZE13UXBPMHEzeVZ6Vkw3Q3JzbzBKVGhuWmIxenRCaFpERWE2TUZQNjFaaTA?oc=5"" target=""_blank"">엠투엔, 지난해 당기순손실 5억9648만원…전년 대비 적자전환</a>&nbsp;&nbsp;<font color=""#6f6f6f"">디지털투데이</font>",Google News RSS,success
google_news_rss,033310,엠투엔(033310) - 매일경제 마켓,https://news.google.com/rss/articles/CBMiXkFVX3lxTFBmNVRVWWhwOVdoaXJrTXlLS3BLNFBvYlFJU3lyU3lKV25IS1FRU25MZU5DRE5qVnJrSG1oZXRpcGNXRVNvSGk1Y2UyX0Zqc0gzQWJQYkhUR2JscGt4aVE?oc=5,2023-03-19T11:57:55+00:00,"<a href=""https://news.google.com/rss/articles/CBMiXkFVX3lxTFBmNVRVWWhwOVdoaXJrTXlLS3BLNFBvYlFJU3lyU3lKV25IS1FRU25MZU5DRE5qVnJrSG1oZXRpcGNXRVNvSGk1Y2UyX0Zqc0gzQWJQYkhUR2JscGt4aVE?oc=5"" target=""_blank"">엠투엔(033310)</a>&nbsp;&nbsp;<font color=""#6f6f6f"">매일경제 마켓</font>",Google News RSS,success
google_news_rss,307870,"비투엔, '최대주주 교체' 마무리…더블미디어 225억 투입 - v.daum.net",https://news.google.com/rss/articles/CBMiRkFVX3lxTE13dUYwTDVFRjR4QjkxS1p3ZTg5dzZEUFB1cXI3Tm9BTW9oQ3lzejRBNnpOVTEzLXFseGprVFl4bjhTUHhPdmc?oc=5,2026-08-18T02:03:31+00:00,"<a href=""https://news.google.com/rss/articles/CBMiRkFVX3lxTE13dUYwTDVFRjR4QjkxS1p3ZTg5dzZEUFB1cXI3Tm9BTW9oQ3lzejRBNnpOVTEzLXFseGprVFl4bjhTUHhPdmc?oc=5"" target=""_blank"">비투엔, '최대주주 교체' 마무리…더블미디어 225억 투입</a>&nbsp;&nbsp;<font color=""#6f6f6f"">v.daum.net</font>",Google News RSS,success
google_news_rss,307870,"비투엔, 쌍방울 경영체제서 독립…새 최대주주 ‘스트레지1호’ - edaily.co.kr",https://news.google.com/rss/articles/CBMigAFBVV95cUxNQTFlck9YY252dnptRWc5S2tER2FVZWZGSVU3RW90cXZzaGtJUjN3eVRmNFdkQWxZQ1FIT1RsR0JTWHFMTnVCTFkySkRSdHF3VGlLQmJ4aGFzMG9WMko5VVdVRjQ2WjJjbk5CTktoZlNzc3ZoR1d3TEsxNmd6UERCaw?oc=5,2026-08-18T01:20:52+00:00,"<a href=""https://news.google.com/rss/articles/CBMigAFBVV95cUxNQTFlck9YY252dnptRWc5S2tER2FVZWZGSVU3RW90cXZzaGtJUjN3eVRmNFdkQWxZQ1FIT1RsR0JTWHFMTnVCTFkySkRSdHF3VGlLQmJ4aGFzMG9WMko5VVdVRjQ2WjJjbk5CTktoZlNzc3ZoR1d3TEsxNmd6UERCaw?oc=5"" target=""_blank"">비투엔, 쌍방울 경영체제서 독립…새 최대주주 ‘스트레지1호’</a>&nbsp;&nbsp;<font color=""#6f6f6f"">edaily.co.kr</font>",Google News RSS,success
google_news_rss,307870,"비투엔, '최대주주 교체' 마무리…더블미디어 225억 투입 - v.daum.net",https://news.google.com/rss/articles/CBMiS0FVX3lxTE1VZmI3aUdLQWZNUFhCU1NweU41ai13SE1KekZVREVDZXpmR0xCU2d1TDMzYWFFUWNXSjhERFk3UUxYZFBKRUtKMzhERQ?oc=5,2026-08-18T02:03:31+00:00,"<a href=""https://news.google.com/rss/articles/CBMiS0FVX3lxTE1VZmI3aUdLQWZNUFhCU1NweU41ai13SE1KekZVREVDZXpmR0xCU2d1TDMzYWFFUWNXSjhERFk3UUxYZFBKRUtKMzhERQ?oc=5"" target=""_blank"">비투엔, '최대주주 교체' 마무리…더블미디어 225억 투입</a>&nbsp;&nbsp;<font color=""#6f6f6f"">v.daum.net</font>",Google News RSS,success
google_news_rss,307870,"비투엔, 자기 전환사채 매도 결정 철회 - 디지털투데이",https://news.google.com/rss/articles/CBMic0FVX3lxTE1acG5fOWxjT3JZUGtjLUtTTm1kVE9IRXhfSzRRU0w5VFNvWWlpWFlWT3pyYlItQlowWFVnRGdLY3ZDRGRlRGxKYXM0a2RVcWM5Ty04SGNNa3ozOVhOY2dkTERJREdsaDBlVlNIcVA5RHBXWGM?oc=5,2026-06-22T07:00:00+00:00,"<a href=""https://news.google.com/rss/articles/CBMic0FVX3lxTE1acG5fOWxjT3JZUGtjLUtTTm1kVE9IRXhfSzRRU0w5VFNvWWlpWFlWT3pyYlItQlowWFVnRGdLY3ZDRGRlRGxKYXM0a2RVcWM5Ty04SGNNa3ozOVhOY2dkTERJREdsaDBlVlNIcVA5RHBXWGM?oc=5"" target=""_blank"">비투엔, 자기 전환사채 매도 결정 철회</a>&nbsp;&nbsp;<font color=""#6f6f6f"">디지털투데이</font>",Google News RSS,success
google_news_rss,307870,"특징주, 비투엔-클라우드 컴퓨팅 테마 상승세에 7.16% ↑ - 매일경제 마켓",https://news.google.com/rss/articles/CBMiUkFVX3lxTE1fbi1JSVZJOUxIY0lsUGxwcU4waUVoQ0VwY3piSnhnZEN4ckFEMnRZVzlEUEwzVE1hWnpLTzlyQzVWOHNjUE1MMW1OcXZuaTZsREE?oc=5,2026-05-29T07:00:00+00:00,"<a href=""https://news.google.com/rss/articles/CBMiUkFVX3lxTE1fbi1JSVZJOUxIY0lsUGxwcU4waUVoQ0VwY3piSnhnZEN4ckFEMnRZVzlEUEwzVE1hWnpLTzlyQzVWOHNjUE1MMW1OcXZuaTZsREE?oc=5"" target=""_blank"">특징주, 비투엔-클라우드 컴퓨팅 테마 상승세에 7.16% ↑</a>&nbsp;&nbsp;<font color=""#6f6f6f"">매일경제 마켓</font>",Google News RSS,success
google_news_rss,215480,"[잠정실적]토박스코리아, 올해 2Q 매출액 132억(+3.4%) 영업이익 11.7억(+80%) (연결) - 씽크풀 AI",https://news.google.com/rss/articles/CBMiaEFVX3lxTE1UVml5NS1BXzRBbFZ0M09XcXB1eFp0ZmpWOEI2RXI1cnpielo3VUtHblU0QkMtM1g4S3JrSUgtaTdWaTluMVBfOE5EZDBZT1JVNk44LXpMSGdaTzZ2QUxMQUtVd09XSFJ6?oc=5,2026-08-11T11:39:30+00:00,"<a href=""https://news.google.com/rss/articles/CBMiaEFVX3lxTE1UVml5NS1BXzRBbFZ0M09XcXB1eFp0ZmpWOEI2RXI1cnpielo3VUtHblU0QkMtM1g4S3JrSUgtaTdWaTluMVBfOE5EZDBZT1JVNk44LXpMSGdaTzZ2QUxMQUtVd09XSFJ6?oc=5"" target=""_blank"">[잠정실적]토박스코리아, 올해 2Q 매출액 132억(+3.4%) 영업이익 11.7억(+80%) (연결)</a>&nbsp;&nbsp;<font color=""#6f6f6f"">씽크풀 AI</font>",Google News RSS,success
google_news_rss,215480,"토박스코리아, 대표이사에 최진희 선임…윤여준 사임 - 디지털투데이",https://news.google.com/rss/articles/CBMic0FVX3lxTFAyV0hJbzEzb21ocTVNZTRGVDNzSERlRldEOUNLeXQ2RWlpbXhBSFlOeW5SdXBRRThSN2s1MzdUYmlheUVXbzBrZ015SXl6ZV9KS29MRlBHNkxnbmxKa3ZhX3ZFN2x0aGt2Yy1LcVgxU3JrdVk?oc=5,2026-08-14T12:32:03+00:00,"<a href=""https://news.google.com/rss/articles/CBMic0FVX3lxTFAyV0hJbzEzb21ocTVNZTRGVDNzSERlRldEOUNLeXQ2RWlpbXhBSFlOeW5SdXBRRThSN2s1MzdUYmlheUVXbzBrZ015SXl6ZV9KS29MRlBHNkxnbmxKa3ZhX3ZFN2x0aGt2Yy1LcVgxU3JrdVk?oc=5"" target=""_blank"">토박스코리아, 대표이사에 최진희 선임…윤여준 사임</a>&nbsp;&nbsp;<font color=""#6f6f6f"">디지털투데이</font>",Google News RSS,success
google_news_rss,215480,7. 한국 반미담론 부재 속 심화된 ‘미맹(美盲)’ 현상 - 통일뉴스,https://news.google.com/rss/articles/CBMibkFVX3lxTE1EN19Zb292RjY5dU1weFg4dmt6VmR0MC1ETzg0ZWlSMUd5VU5VN0oxLU13a015a0NQWnBCZ0FnWkMxN1RidVFuWG81b3o3djM5bzhtVy11QnFzUzNURGFwZ25yRGR6Q201Z29vZHBn?oc=5,2026-01-03T08:00:00+00:00,"<a href=""https://news.google.com/rss/articles/CBMibkFVX3lxTE1EN19Zb292RjY5dU1weFg4dmt6VmR0MC1ETzg0ZWlSMUd5VU5VN0oxLU13a015a0NQWnBCZ0FnWkMxN1RidVFuWG81b3o3djM5bzhtVy11QnFzUzNURGFwZ25yRGR6Q201Z29vZHBn?oc=5"" target=""_blank"">7. 한국 반미담론 부재 속 심화된 ‘미맹(美盲)’ 현상</a>&nbsp;&nbsp;<font color=""#6f6f6f"">통일뉴스</font>",Google News RSS,success
google_news_rss,215480,"토박스코리아, ‘꿈비’와 시너지 속도…임총 앞두고 “주주가치 제고 총력” - edaily.co.kr",https://news.google.com/rss/articles/CBMigAFBVV95cUxPNEs2bkpiYWFzOVh6aTFOZWYzeDRkWGQySXUtRkY4QlBHcXRVcU1GSGdXSGJoZm9pakpPcDZZNUxFN1ltcnYyZkM2R0tqSDkyNjMzR0pxemdBaHc4SDdKNjI3M1cyUU9LZUV2eGxpRUszQVFaRmU1VTRnSzY0M014Yw?oc=5,2026-08-07T08:17:45+00:00,"<a href=""https://news.google.com/rss/articles/CBMigAFBVV95cUxPNEs2bkpiYWFzOVh6aTFOZWYzeDRkWGQySXUtRkY4QlBHcXRVcU1GSGdXSGJoZm9pakpPcDZZNUxFN1ltcnYyZkM2R0tqSDkyNjMzR0pxemdBaHc4SDdKNjI3M1cyUU9LZUV2eGxpRUszQVFaRmU1VTRnSzY0M014Yw?oc=5"" target=""_blank"">토박스코리아, ‘꿈비’와 시너지 속도…임총 앞두고 “주주가치 제고 총력”</a>&nbsp;&nbsp;<font color=""#6f6f6f"">edaily.co.kr</font>",Google News RSS,success
google_news_rss,215480,"토박스코리아, 상반기 영업익 20억원…전년比 100%↑ - v.daum.net",https://news.google.com/rss/articles/CBMiT0FVX3lxTE16dVhqSXV4S1NJbmQxd3hDenVldG4tb1JNd3B1NlBDYTZyakU0eHVYbGtjTnlWMlEycEY1UDEza3ZJbmJZQ3ktUUVPUzVRVTA?oc=5,2026-08-06T07:00:00+00:00,"<a href=""https://news.google.com/rss/articles/CBMiT0FVX3lxTE16dVhqSXV4S1NJbmQxd3hDenVldG4tb1JNd3B1NlBDYTZyakU0eHVYbGtjTnlWMlEycEY1UDEza3ZJbmJZQ3ktUUVPUzVRVTA?oc=5"" target=""_blank"">토박스코리아, 상반기 영업익 20억원…전년比 100%↑</a>&nbsp;&nbsp;<font color=""#6f6f6f"">v.daum.net</font>",Google News RSS,success
google_news_rss,012160,"영흥 강근욱 대표이사, 소유 주식 수량 4만주 증가…소유 지분율 0.26%p 상승 - 디지털투데이",https://news.google.com/rss/articles/CBMic0FVX3lxTFBMOEY0N19Ld1NPWlBva3VHaS1SekozT2lVVXd1dm9PbE5GOG9oclFRT1JpUGw2b1FRR0dPOGl6MmpLdmtZN2o0SDFITFhUMkczblMzWkw3UDBhMGVqdFJXLWU5X1ZxNFNQVmV4UUptMnVHb3M?oc=5,2026-08-07T07:00:00+00:00,"<a href=""https://news.google.com/rss/articles/CBMic0FVX3lxTFBMOEY0N19Ld1NPWlBva3VHaS1SekozT2lVVXd1dm9PbE5GOG9oclFRT1JpUGw2b1FRR0dPOGl6MmpLdmtZN2o0SDFITFhUMkczblMzWkw3UDBhMGVqdFJXLWU5X1ZxNFNQVmV4UUptMnVHb3M?oc=5"" target=""_blank"">영흥 강근욱 대표이사, 소유 주식 수량 4만주 증가…소유 지분율 0.26%p 상승</a>&nbsp;&nbsp;<font color=""#6f6f6f"">디지털투데이</font>",Google News RSS,success
google_news_rss,012160,하락률 상위 50선 - 코스피 - 조선비즈 - Chosunbiz,https://news.google.com/rss/articles/CBMigwFBVV95cUxPcG5VQmxwNS1fT0dYY21OWWZiZ0xuNS04am5yRnJELUhfREQ0dHdsY3JjZW8zeG9jU2NkdHlpdXJWYzM3QXFrTDZydFhXYmNCYU94M2tZN0VPeHM0RTd4dG1RTXRnMDM1RUlNQkdPaHU4MktEVll2M1ByXzlPbUM3N3Q2Y9IBlwFBVV95cUxPU2FxMnhSQjVRNFNabllTYVdyZk1nbHV3eXVFUGttbjdNVkc4aUN0a0pYMTJUcFZzSjRMTnlGd1lDaWZrTHloLXBodTVOV0I0WTFXdFNvTHJFTklCeDlzSHlKWlNLUExNcXpURE9PaGE3dC1rZ01KZXZnMVlOcU5MYkx5XzlZQmtwZ1VjR3QzUkRjd2RyU3FF?oc=5,2026-04-21T07:00:00+00:00,"<a href=""https://news.google.com/rss/articles/CBMigwFBVV95cUxPcG5VQmxwNS1fT0dYY21OWWZiZ0xuNS04am5yRnJELUhfREQ0dHdsY3JjZW8zeG9jU2NkdHlpdXJWYzM3QXFrTDZydFhXYmNCYU94M2tZN0VPeHM0RTd4dG1RTXRnMDM1RUlNQkdPaHU4MktEVll2M1ByXzlPbUM3N3Q2Y9IBlwFBVV95cUxPU2FxMnhSQjVRNFNabllTYVdyZk1nbHV3eXVFUGttbjdNVkc4aUN0a0pYMTJUcFZzSjRMTnlGd1lDaWZrTHloLXBodTVOV0I0WTFXdFNvTHJFTklCeDlzSHlKWlNLUExNcXpURE9PaGE3dC1rZ01KZXZnMVlOcU5MYkx5XzlZQmtwZ1VjR3QzUkRjd2RyU3FF?oc=5"" target=""_blank"">하락률 상위 50선 - 코스피 - 조선비즈</a>&nbsp;&nbsp;<font color=""#6f6f6f"">Chosunbiz</font>",Google News RSS,success
google_news_rss,012160,영흥(012160) - 매일경제 마켓,https://news.google.com/rss/articles/CBMiWkFVX3lxTFBSX0lIaW1HUmc5ZVVJbWpRTTFIZ0Vxa3NLVWRlcjNvOXlxN1hIejJOQWZNUldxeW1lNmV3ZWo4OEtkNW84a19hQk5XTkppM0tQanhKMUx2LUNkZw?oc=5,2023-02-15T07:43:47+00:00,"<a href=""https://news.google.com/rss/articles/CBMiWkFVX3lxTFBSX0lIaW1HUmc5ZVVJbWpRTTFIZ0Vxa3NLVWRlcjNvOXlxN1hIejJOQWZNUldxeW1lNmV3ZWo4OEtkNW84a19hQk5XTkppM0tQanhKMUx2LUNkZw?oc=5"" target=""_blank"">영흥(012160)</a>&nbsp;&nbsp;<font color=""#6f6f6f"">매일경제 마켓</font>",Google News RSS,success
google_news_rss,012160,"변태용 대표이사, 영흥 주식 1만주 매수로 지분율 0.06% 증가 - 디지털투데이",https://news.google.com/rss/articles/CBMic0FVX3lxTE9kZHEyQUFjc1pPV1NXdXVnMG1Vd0NOem1VWUc0S3g3YlVWcG1OYVp6UnhBRnhKOExpVUpWclAtbUVGV1MtQnR2NVJzek50ZGJVSGl3SUt1a01TQmQybDdVbDlNS3pVbVdKdEw0VTBQOXR1bXc?oc=5,2026-07-09T07:00:00+00:00,"<a href=""https://news.google.com/rss/articles/CBMic0FVX3lxTE9kZHEyQUFjc1pPV1NXdXVnMG1Vd0NOem1VWUc0S3g3YlVWcG1OYVp6UnhBRnhKOExpVUpWclAtbUVGV1MtQnR2NVJzek50ZGJVSGl3SUt1a01TQmQybDdVbDlNS3pVbVdKdEw0VTBQOXR1bXc?oc=5"" target=""_blank"">변태용 대표이사, 영흥 주식 1만주 매수로 지분율 0.06% 증가</a>&nbsp;&nbsp;<font color=""#6f6f6f"">디지털투데이</font>",Google News RSS,success
google_news_rss,012160,'침대값 상승 유발'…스프링 강선 담합 9개 업체에 과징금 548억 - 연합뉴스,https://news.google.com/rss/articles/CBMiW0FVX3lxTE4ta3hCUWt1V2d2c01RU0ZxZVg3bmc1NjJzTmcxRmdiODgwck05N1Z5VkxCV08zOHM1eUQ1SE9CY3I4YWZsSWJwbWRsbUFzR0lvVEViUlByRE41a1nSAWBBVV95cUxNOWFkd2ZwVHFLdHliWWYzTUhyajQzNzRlLUtJMHdobEFhSk1IOV9OTkw0TkdDbnU3T3VvZlNTYW5PdkRFaFY5Ym1ZYm52SUxsTjRrTjQzbWkwUkNsYkplUUU?oc=5,2023-10-18T07:00:00+00:00,"<a href=""https://news.google.com/rss/articles/CBMiW0FVX3lxTE4ta3hCUWt1V2d2c01RU0ZxZVg3bmc1NjJzTmcxRmdiODgwck05N1Z5VkxCV08zOHM1eUQ1SE9CY3I4YWZsSWJwbWRsbUFzR0lvVEViUlByRE41a1nSAWBBVV95cUxNOWFkd2ZwVHFLdHliWWYzTUhyajQzNzRlLUtJMHdobEFhSk1IOV9OTkw0TkdDbnU3T3VvZlNTYW5PdkRFaFY5Ym1ZYm52SUxsTjRrTjQzbWkwUkNsYkplUUU?oc=5"" target=""_blank"">'침대값 상승 유발'…스프링 강선 담합 9개 업체에 과징금 548억</a>&nbsp;&nbsp;<font color=""#6f6f6f"">연합뉴스</font>",Google News RSS,success
google_news_rss,115480,"씨유메디칼, 상반기 영업이익 98억원…“판매도 늘고 비용도 줄었다” - 인포스탁데일리",https://news.google.com/rss/articles/CBMidkFVX3lxTE01MVdUeWxSQlFCWXpUVWhxUmxfT1NRV2dYS1IzUklnRkN4TU5UaGo0NzVZSW1rRTZIaTBySUlRSnlVTlRURDk2Y184dzVzbjg3ODZVWEtkdEY5UGJ1bXdIa081QVIzcHpXX285UEl2V3VJWlBVd3c?oc=5,2026-08-18T00:50:48+00:00,"<a href=""https://news.google.com/rss/articles/CBMidkFVX3lxTE01MVdUeWxSQlFCWXpUVWhxUmxfT1NRV2dYS1IzUklnRkN4TU5UaGo0NzVZSW1rRTZIaTBySUlRSnlVTlRURDk2Y184dzVzbjg3ODZVWEtkdEY5UGJ1bXdIa081QVIzcHpXX285UEl2V3VJWlBVd3c?oc=5"" target=""_blank"">씨유메디칼, 상반기 영업이익 98억원…“판매도 늘고 비용도 줄었다”</a>&nbsp;&nbsp;<font color=""#6f6f6f"">인포스탁데일리</font>",Google News RSS,success
google_news_rss,115480,"[실적속보]씨유메디칼, 올해 2Q 매출액 급증 212억원... 전년동기比 71%↑ (연결) - 씽크풀 AI",https://news.google.com/rss/articles/CBMiaEFVX3lxTE5GUHJMNmVrVFE1Z1ZYV1hzT0xVQVNaZTZqZ1Nrck1JS0JqblpzZmY2X0FkbUdRRTNtaG5GX3FtOFRIR0xZZGhmYXlUTkJEaGFTNDlELUxNTG1nalBaUUpqOHBoYlZBT0tW?oc=5,2026-08-17T04:51:23+00:00,"<a href=""https://news.google.com/rss/articles/CBMiaEFVX3lxTE5GUHJMNmVrVFE1Z1ZYV1hzT0xVQVNaZTZqZ1Nrck1JS0JqblpzZmY2X0FkbUdRRTNtaG5GX3FtOFRIR0xZZGhmYXlUTkJEaGFTNDlELUxNTG1nalBaUUpqOHBoYlZBT0tW?oc=5"" target=""_blank"">[실적속보]씨유메디칼, 올해 2Q 매출액 급증 212억원... 전년동기比 71%↑ (연결)</a>&nbsp;&nbsp;<font color=""#6f6f6f"">씽크풀 AI</font>",Google News RSS,success
google_news_rss,115480,"씨유메디칼, 상반기 영업익 98억…“하반기 성장 흐름 유지” - 서울경제",https://news.google.com/rss/articles/CBMiUkFVX3lxTE8tazhuRlBZeEJlZ2dUTUVrRk9BZXZsOUF3VDV4LVJRY1VSWDZNeVU4eWk3UFdRLTRNeU85cmVNOUJrbjdMNXBMMFVnZTE2d0lGZEE?oc=5,2026-08-18T08:46:07+00:00,"<a href=""https://news.google.com/rss/articles/CBMiUkFVX3lxTE8tazhuRlBZeEJlZ2dUTUVrRk9BZXZsOUF3VDV4LVJRY1VSWDZNeVU4eWk3UFdRLTRNeU85cmVNOUJrbjdMNXBMMFVnZTE2d0lGZEE?oc=5"" target=""_blank"">씨유메디칼, 상반기 영업익 98억…“하반기 성장 흐름 유지”</a>&nbsp;&nbsp;<font color=""#6f6f6f"">서울경제</font>",Google News RSS,success
google_news_rss,115480,"씨유메디칼, 상반기 영업이익 181%·순이익 929% '서프라이즈'…""하반기에도 지속"" - 네이트",https://news.google.com/rss/articles/CBMiU0FVX3lxTE45SUFtLXUxZE1iWHN1c3c0eGhlMEwxRWFCOGdOT1BvcHE1ZGhTMTVwcjZZcm90ZGdZc3lGT3BmYmV3TnJIOGh5NXhfX1FyR0c3bXE4?oc=5,2026-08-17T23:31:00+00:00,"<a href=""https://news.google.com/rss/articles/CBMiU0FVX3lxTE45SUFtLXUxZE1iWHN1c3c0eGhlMEwxRWFCOGdOT1BvcHE1ZGhTMTVwcjZZcm90ZGdZc3lGT3BmYmV3TnJIOGh5NXhfX1FyR0c3bXE4?oc=5"" target=""_blank"">씨유메디칼, 상반기 영업이익 181%·순이익 929% '서프라이즈'…""하반기에도 지속""</a>&nbsp;&nbsp;<font color=""#6f6f6f"">네이트</font>",Google News RSS,success
google_news_rss,115480,"씨유메디칼, 최대주주 대광네트웍스로 변경 - 마켓인",https://news.google.com/rss/articles/CBMic0FVX3lxTE9VUFNJQXhJemxEWDZOczNONEs1WDRYbnJaSkt4djRBSEN1dVl0MkdkbGs5N19yb281d2pFMUtwR0hkQjhValozd3BPenlnRm9ESGRHNUtPcXNCVS0tcFpZZEZsc0VaZGZHS3BYUFRnakY1d1k?oc=5,2026-04-30T07:00:00+00:00,"<a href=""https://news.google.com/rss/articles/CBMic0FVX3lxTE9VUFNJQXhJemxEWDZOczNONEs1WDRYbnJaSkt4djRBSEN1dVl0MkdkbGs5N19yb281d2pFMUtwR0hkQjhValozd3BPenlnRm9ESGRHNUtPcXNCVS0tcFpZZEZsc0VaZGZHS3BYUFRnakY1d1k?oc=5"" target=""_blank"">씨유메디칼, 최대주주 대광네트웍스로 변경</a>&nbsp;&nbsp;<font color=""#6f6f6f"">마켓인</font>",Google News RSS,success
google_news_rss,013720,청보 (013720) - 씽크풀 AI,https://news.google.com/rss/articles/CBMiS0FVX3lxTFBCS3NnaDVsTDNaZU5vTXhmc2todHRrdkE3S1RQX0paTmdNbFBiVklSX0lMSzRRS1MybTFMakhiQVgtQ3VaS191YWhMZw?oc=5,2022-08-08T11:36:32+00:00,"<a href=""https://news.google.com/rss/articles/CBMiS0FVX3lxTFBCS3NnaDVsTDNaZU5vTXhmc2todHRrdkE3S1RQX0paTmdNbFBiVklSX0lMSzRRS1MybTFMakhiQVgtQ3VaS191YWhMZw?oc=5"" target=""_blank"">청보 (013720)</a>&nbsp;&nbsp;<font color=""#6f6f6f"">씽크풀 AI</font>",Google News RSS,success
google_news_rss,013720,"장육 전무이사, THE CUBE& 주식 9000주 추가 매수 - 디지털투데이",https://news.google.com/rss/articles/CBMic0FVX3lxTE5UZFd6a29UVUc0dW9tNlFqVmt3TVcwZGhkT2F4MTAyYkk3TE1paUh0a1NKWW1QclJqMm1FRzRnbDBYOEdvaW1pSlRXNnVuZVBXdW9RRFd0YnNUX2Y4X0pvVVBZaEU3X0xXejZBajJKQ0tYV0U?oc=5,2025-11-27T08:00:00+00:00,"<a href=""https://news.google.com/rss/articles/CBMic0FVX3lxTE5UZFd6a29UVUc0dW9tNlFqVmt3TVcwZGhkT2F4MTAyYkk3TE1paUh0a1NKWW1QclJqMm1FRzRnbDBYOEdvaW1pSlRXNnVuZVBXdW9RRFd0YnNUX2Y4X0pvVVBZaEU3X0xXejZBajJKQ0tYV0U?oc=5"" target=""_blank"">장육 전무이사, THE CUBE& 주식 9000주 추가 매수</a>&nbsp;&nbsp;<font color=""#6f6f6f"">디지털투데이</font>",Google News RSS,success
google_news_rss,013720,"THE CUBE&, 상한가 진입.. +29.96% ↑ - 서울경제",https://news.google.com/rss/articles/CBMiUkFVX3lxTE91NDlISHRPTXZlQWJ0VEg1dnBmM3M4TU1GeGVsVU9EbWpuNHFzbzFyS0cwYVZyd21yaV84ajctX0pnZlJFQmxrRFhzSWxrZFRTTWc?oc=5,2026-01-12T08:00:00+00:00,"<a href=""https://news.google.com/rss/articles/CBMiUkFVX3lxTE91NDlISHRPTXZlQWJ0VEg1dnBmM3M4TU1GeGVsVU9EbWpuNHFzbzFyS0cwYVZyd21yaV84ajctX0pnZlJFQmxrRFhzSWxrZFRTTWc?oc=5"" target=""_blank"">THE CUBE&, 상한가 진입.. +29.96% ↑</a>&nbsp;&nbsp;<font color=""#6f6f6f"">서울경제</font>",Google News RSS,success
google_news_rss,013720,청보(013720) - 매일경제 마켓,https://news.google.com/rss/articles/CBMiWkFVX3lxTE5IM3FiVTN2S0dURk54SWtwdFVwZDhCbVg4ZW42N3BTWVpoa2dQM0tMeWE4UjJYVmd3LVp3QWxuaE0xeUUtdng0allIZHBQY3BtWmdzbm4xc3FOdw?oc=5,2023-02-22T06:41:04+00:00,"<a href=""https://news.google.com/rss/articles/CBMiWkFVX3lxTE5IM3FiVTN2S0dURk54SWtwdFVwZDhCbVg4ZW42N3BTWVpoa2dQM0tMeWE4UjJYVmd3LVp3QWxuaE0xeUUtdng0allIZHBQY3BtWmdzbm4xc3FOdw?oc=5"" target=""_blank"">청보(013720)</a>&nbsp;&nbsp;<font color=""#6f6f6f"">매일경제 마켓</font>",Google News RSS,success
google_news_rss,013720,[오늘시장 특징주] CBI(013720) - 한국경제TV,https://news.google.com/rss/articles/CBMid0FVX3lxTE1zbV9zSS01VllSSlFkZ1pXVEs2YzNBVzNodW14N2R3QzRDeS14MTV2NTZhdXJ0MS15T2k1am02TWYtSlhhQ01oZ2hSRlBxQ29UQVBYRmJZQ1JsWDRJM0lBUUFyaW5TWGVteVpacElXcUNDa29OYXVr?oc=5,2024-10-28T07:00:00+00:00,"<a href=""https://news.google.com/rss/articles/CBMid0FVX3lxTE1zbV9zSS01VllSSlFkZ1pXVEs2YzNBVzNodW14N2R3QzRDeS14MTV2NTZhdXJ0MS15T2k1am02TWYtSlhhQ01oZ2hSRlBxQ29UQVBYRmJZQ1JsWDRJM0lBUUFyaW5TWGVteVpacElXcUNDa29OYXVr?oc=5"" target=""_blank"">[오늘시장 특징주] CBI(013720)</a>&nbsp;&nbsp;<font color=""#6f6f6f"">한국경제TV</font>",Google News RSS,success
google_news_rss,049950,"특징주, 미래컴퍼니-2차전지(전고체) 테마 상승세에 17.6% ↑ - 매일경제 마켓",https://news.google.com/rss/articles/CBMiUkFVX3lxTE9DSlFHWTdfOW90cmstNzMtY2RabldhMmloUmRxSXJBNV9VS2doM2ZuU0x0dTlJeFVrdVkyZWNWYWdxVnNzVlUzWHhRQVNrdXE2ckE?oc=5,2026-08-13T00:57:26+00:00,"<a href=""https://news.google.com/rss/articles/CBMiUkFVX3lxTE9DSlFHWTdfOW90cmstNzMtY2RabldhMmloUmRxSXJBNV9VS2doM2ZuU0x0dTlJeFVrdVkyZWNWYWdxVnNzVlUzWHhRQVNrdXE2ckE?oc=5"" target=""_blank"">특징주, 미래컴퍼니-2차전지(전고체) 테마 상승세에 17.6% ↑</a>&nbsp;&nbsp;<font color=""#6f6f6f"">매일경제 마켓</font>",Google News RSS,success
google_news_rss,049950,미래컴퍼니 (049950) - 씽크풀 AI,https://news.google.com/rss/articles/CBMiS0FVX3lxTE1NSXYyTEplSEdqTnlhQ1FQVjBSOU1VSUg4MGdvalF4bHR3OVRhR245bEpSLTk4UFVjbWJXaVRlTzhkdDR3WGpDeHJGWQ?oc=5,2022-08-10T04:11:07+00:00,"<a href=""https://news.google.com/rss/articles/CBMiS0FVX3lxTE1NSXYyTEplSEdqTnlhQ1FQVjBSOU1VSUg4MGdvalF4bHR3OVRhR245bEpSLTk4UFVjbWJXaVRlTzhkdDR3WGpDeHJGWQ?oc=5"" target=""_blank"">미래컴퍼니 (049950)</a>&nbsp;&nbsp;<font color=""#6f6f6f"">씽크풀 AI</font>",Google News RSS,success
google_news_rss,049950,"특징주, 미래컴퍼니-유리 기판 테마 상승세에 5.45% ↑ - 매일경제 마켓",https://news.google.com/rss/articles/CBMiUkFVX3lxTE9zdWVEZnp2V2lDWGVhTTBjSld2cUo5a05yWDFKX3NRSWxVTi1uMXN3MDBnbGF2R29XLVRnQXRlVEtFSDRTMnNvZlNzYVNiTFJBcHc?oc=5,2026-04-22T07:00:00+00:00,"<a href=""https://news.google.com/rss/articles/CBMiUkFVX3lxTE9zdWVEZnp2V2lDWGVhTTBjSld2cUo5a05yWDFKX3NRSWxVTi1uMXN3MDBnbGF2R29XLVRnQXRlVEtFSDRTMnNvZlNzYVNiTFJBcHc?oc=5"" target=""_blank"">특징주, 미래컴퍼니-유리 기판 테마 상승세에 5.45% ↑</a>&nbsp;&nbsp;<font color=""#6f6f6f"">매일경제 마켓</font>",Google News RSS,success
google_news_rss,049950,"미래컴퍼니(049950) 1Q 매출 사상 최대, 영업이익 376% 증가 - 인포스탁데일리",https://news.google.com/rss/articles/CBMidEFVX3lxTE9fNld4a28tNjcxaURJQldBYmVOMGkwNUJlQUdrMC16ck5jTHpaRDBwV3IzQ3l6dldFVVRpSWQ5LTZId2F4Yks1VmVhck52bll0a1lTQnJJN21HYU0wZ3l3OS1UdktDZzEybXFfeXVkZndPbXZM?oc=5,2017-05-11T07:00:00+00:00,"<a href=""https://news.google.com/rss/articles/CBMidEFVX3lxTE9fNld4a28tNjcxaURJQldBYmVOMGkwNUJlQUdrMC16ck5jTHpaRDBwV3IzQ3l6dldFVVRpSWQ5LTZId2F4Yks1VmVhck52bll0a1lTQnJJN21HYU0wZ3l3OS1UdktDZzEybXFfeXVkZndPbXZM?oc=5"" target=""_blank"">미래컴퍼니(049950) 1Q 매출 사상 최대, 영업이익 376% 증가</a>&nbsp;&nbsp;<font color=""#6f6f6f"">인포스탁데일리</font>",Google News RSS,success
google_news_rss,049950,"미래컴퍼니(049950), '수술용 로봇 + 3D센서'에 주목! - Naver Blog",https://news.google.com/rss/articles/CBMiWkFVX3lxTE1YWjNrZHpBX19McWdaOENUTC1WS1phVkJBdWFEb2JkLVdsdFFYdlFVVU50Zk5NMzEzZWJzZDhuM3RWUk1ZdWhZamhzWlR6QWc4bWdaS2pwaWZ3dw?oc=5,2019-12-16T08:00:00+00:00,"<a href=""https://news.google.com/rss/articles/CBMiWkFVX3lxTE1YWjNrZHpBX19McWdaOENUTC1WS1phVkJBdWFEb2JkLVdsdFFYdlFVVU50Zk5NMzEzZWJzZDhuM3RWUk1ZdWhZamhzWlR6QWc4bWdaS2pwaWZ3dw?oc=5"" target=""_blank"">미래컴퍼니(049950), '수술용 로봇 + 3D센서'에 주목!</a>&nbsp;&nbsp;<font color=""#6f6f6f"">Naver Blog</font>",Google News RSS,success
